"","num.trees","mtry","min.node.size","sample.fraction","mean_accuracy","sd_accuracy","min_accuracy","max_accuracy"
"1",500,20,1,0.632,0.554029304029304,0.0217285906917668,0.538461538461538,0.583333333333333
"2",1000,20,1,0.632,0.554029304029304,0.0217285906917668,0.538461538461538,0.583333333333333
"3",2000,20,1,0.632,0.554029304029304,0.0217285906917668,0.538461538461538,0.583333333333333
"4",500,40,1,0.632,0.554029304029304,0.0217285906917668,0.538461538461538,0.583333333333333
"5",1000,40,1,0.632,0.554029304029304,0.0217285906917668,0.538461538461538,0.583333333333333
"6",2000,40,1,0.632,0.554029304029304,0.0217285906917668,0.538461538461538,0.583333333333333
"7",500,60,1,0.632,0.554029304029304,0.0217285906917668,0.538461538461538,0.583333333333333
"8",1000,60,1,0.632,0.554029304029304,0.0217285906917668,0.538461538461538,0.583333333333333
"9",2000,60,1,0.632,0.554029304029304,0.0217285906917668,0.538461538461538,0.583333333333333
"10",500,100,1,0.632,0.554029304029304,0.0217285906917668,0.538461538461538,0.583333333333333
"11",1000,100,1,0.632,0.554029304029304,0.0217285906917668,0.538461538461538,0.583333333333333
"12",2000,100,1,0.632,0.554029304029304,0.0217285906917668,0.538461538461538,0.583333333333333
"13",500,200,1,0.632,0.554029304029304,0.0217285906917668,0.538461538461538,0.583333333333333
"14",1000,200,1,0.632,0.554029304029304,0.0217285906917668,0.538461538461538,0.583333333333333
"15",2000,200,1,0.632,0.554029304029304,0.0217285906917668,0.538461538461538,0.583333333333333
"16",500,500,1,0.632,0.554029304029304,0.0217285906917668,0.538461538461538,0.583333333333333
"17",1000,500,1,0.632,0.554029304029304,0.0217285906917668,0.538461538461538,0.583333333333333
"18",2000,500,1,0.632,0.554029304029304,0.0217285906917668,0.538461538461538,0.583333333333333
"19",500,20,3,0.632,0.554029304029304,0.0217285906917668,0.538461538461538,0.583333333333333
"20",1000,20,3,0.632,0.554029304029304,0.0217285906917668,0.538461538461538,0.583333333333333
"21",2000,20,3,0.632,0.554029304029304,0.0217285906917668,0.538461538461538,0.583333333333333
"22",500,40,3,0.632,0.554029304029304,0.0217285906917668,0.538461538461538,0.583333333333333
"23",1000,40,3,0.632,0.554029304029304,0.0217285906917668,0.538461538461538,0.583333333333333
"24",2000,40,3,0.632,0.554029304029304,0.0217285906917668,0.538461538461538,0.583333333333333
"25",500,60,3,0.632,0.554029304029304,0.0217285906917668,0.538461538461538,0.583333333333333
"26",1000,60,3,0.632,0.554029304029304,0.0217285906917668,0.538461538461538,0.583333333333333
"27",2000,60,3,0.632,0.554029304029304,0.0217285906917668,0.538461538461538,0.583333333333333
"28",500,100,3,0.632,0.554029304029304,0.0217285906917668,0.538461538461538,0.583333333333333
"29",1000,100,3,0.632,0.554029304029304,0.0217285906917668,0.538461538461538,0.583333333333333
"30",2000,100,3,0.632,0.554029304029304,0.0217285906917668,0.538461538461538,0.583333333333333
"31",500,200,3,0.632,0.554029304029304,0.0217285906917668,0.538461538461538,0.583333333333333
"32",1000,200,3,0.632,0.554029304029304,0.0217285906917668,0.538461538461538,0.583333333333333
"33",2000,200,3,0.632,0.554029304029304,0.0217285906917668,0.538461538461538,0.583333333333333
"34",500,500,3,0.632,0.554029304029304,0.0217285906917668,0.538461538461538,0.583333333333333
"35",1000,500,3,0.632,0.554029304029304,0.0217285906917668,0.538461538461538,0.583333333333333
"36",2000,500,3,0.632,0.554029304029304,0.0217285906917668,0.538461538461538,0.583333333333333
"37",500,20,5,0.632,0.554029304029304,0.0217285906917668,0.538461538461538,0.583333333333333
"38",1000,20,5,0.632,0.554029304029304,0.0217285906917668,0.538461538461538,0.583333333333333
"39",2000,20,5,0.632,0.554029304029304,0.0217285906917668,0.538461538461538,0.583333333333333
"40",500,40,5,0.632,0.554029304029304,0.0217285906917668,0.538461538461538,0.583333333333333
"41",1000,40,5,0.632,0.554029304029304,0.0217285906917668,0.538461538461538,0.583333333333333
"42",2000,40,5,0.632,0.554029304029304,0.0217285906917668,0.538461538461538,0.583333333333333
"43",500,60,5,0.632,0.554029304029304,0.0217285906917668,0.538461538461538,0.583333333333333
"44",1000,60,5,0.632,0.554029304029304,0.0217285906917668,0.538461538461538,0.583333333333333
"45",2000,60,5,0.632,0.554029304029304,0.0217285906917668,0.538461538461538,0.583333333333333
"46",500,100,5,0.632,0.554029304029304,0.0217285906917668,0.538461538461538,0.583333333333333
"47",1000,100,5,0.632,0.554029304029304,0.0217285906917668,0.538461538461538,0.583333333333333
"48",2000,100,5,0.632,0.554029304029304,0.0217285906917668,0.538461538461538,0.583333333333333
"49",500,200,5,0.632,0.554029304029304,0.0217285906917668,0.538461538461538,0.583333333333333
"50",1000,200,5,0.632,0.554029304029304,0.0217285906917668,0.538461538461538,0.583333333333333
"51",2000,200,5,0.632,0.554029304029304,0.0217285906917668,0.538461538461538,0.583333333333333
"52",500,500,5,0.632,0.554029304029304,0.0217285906917668,0.538461538461538,0.583333333333333
"53",1000,500,5,0.632,0.554029304029304,0.0217285906917668,0.538461538461538,0.583333333333333
"54",2000,500,5,0.632,0.554029304029304,0.0217285906917668,0.538461538461538,0.583333333333333
"55",500,20,1,0.8,0.554029304029304,0.0217285906917668,0.538461538461538,0.583333333333333
"56",1000,20,1,0.8,0.554029304029304,0.0217285906917668,0.538461538461538,0.583333333333333
"57",2000,20,1,0.8,0.554029304029304,0.0217285906917668,0.538461538461538,0.583333333333333
"58",500,40,1,0.8,0.554029304029304,0.0217285906917668,0.538461538461538,0.583333333333333
"59",1000,40,1,0.8,0.554029304029304,0.0217285906917668,0.538461538461538,0.583333333333333
"60",2000,40,1,0.8,0.554029304029304,0.0217285906917668,0.538461538461538,0.583333333333333
"61",500,60,1,0.8,0.554029304029304,0.0217285906917668,0.538461538461538,0.583333333333333
"62",1000,60,1,0.8,0.554029304029304,0.0217285906917668,0.538461538461538,0.583333333333333
"63",2000,60,1,0.8,0.554029304029304,0.0217285906917668,0.538461538461538,0.583333333333333
"64",500,100,1,0.8,0.554029304029304,0.0217285906917668,0.538461538461538,0.583333333333333
"65",1000,100,1,0.8,0.554029304029304,0.0217285906917668,0.538461538461538,0.583333333333333
"66",2000,100,1,0.8,0.554029304029304,0.0217285906917668,0.538461538461538,0.583333333333333
"67",500,200,1,0.8,0.554029304029304,0.0217285906917668,0.538461538461538,0.583333333333333
"68",1000,200,1,0.8,0.554029304029304,0.0217285906917668,0.538461538461538,0.583333333333333
"69",2000,200,1,0.8,0.554029304029304,0.0217285906917668,0.538461538461538,0.583333333333333
"70",500,500,1,0.8,0.554029304029304,0.0217285906917668,0.538461538461538,0.583333333333333
"71",1000,500,1,0.8,0.554029304029304,0.0217285906917668,0.538461538461538,0.583333333333333
"72",2000,500,1,0.8,0.554029304029304,0.0217285906917668,0.538461538461538,0.583333333333333
"73",500,20,3,0.8,0.554029304029304,0.0217285906917668,0.538461538461538,0.583333333333333
"74",1000,20,3,0.8,0.554029304029304,0.0217285906917668,0.538461538461538,0.583333333333333
"75",2000,20,3,0.8,0.554029304029304,0.0217285906917668,0.538461538461538,0.583333333333333
"76",500,40,3,0.8,0.554029304029304,0.0217285906917668,0.538461538461538,0.583333333333333
"77",1000,40,3,0.8,0.554029304029304,0.0217285906917668,0.538461538461538,0.583333333333333
"78",2000,40,3,0.8,0.554029304029304,0.0217285906917668,0.538461538461538,0.583333333333333
"79",500,60,3,0.8,0.554029304029304,0.0217285906917668,0.538461538461538,0.583333333333333
"80",1000,60,3,0.8,0.554029304029304,0.0217285906917668,0.538461538461538,0.583333333333333
"81",2000,60,3,0.8,0.554029304029304,0.0217285906917668,0.538461538461538,0.583333333333333
"82",500,100,3,0.8,0.554029304029304,0.0217285906917668,0.538461538461538,0.583333333333333
"83",1000,100,3,0.8,0.554029304029304,0.0217285906917668,0.538461538461538,0.583333333333333
"84",2000,100,3,0.8,0.554029304029304,0.0217285906917668,0.538461538461538,0.583333333333333
"85",500,200,3,0.8,0.554029304029304,0.0217285906917668,0.538461538461538,0.583333333333333
"86",1000,200,3,0.8,0.554029304029304,0.0217285906917668,0.538461538461538,0.583333333333333
"87",2000,200,3,0.8,0.554029304029304,0.0217285906917668,0.538461538461538,0.583333333333333
"88",500,500,3,0.8,0.554029304029304,0.0217285906917668,0.538461538461538,0.583333333333333
"89",1000,500,3,0.8,0.554029304029304,0.0217285906917668,0.538461538461538,0.583333333333333
"90",2000,500,3,0.8,0.554029304029304,0.0217285906917668,0.538461538461538,0.583333333333333
"91",500,20,5,0.8,0.554029304029304,0.0217285906917668,0.538461538461538,0.583333333333333
"92",1000,20,5,0.8,0.554029304029304,0.0217285906917668,0.538461538461538,0.583333333333333
"93",2000,20,5,0.8,0.554029304029304,0.0217285906917668,0.538461538461538,0.583333333333333
"94",500,40,5,0.8,0.554029304029304,0.0217285906917668,0.538461538461538,0.583333333333333
"95",1000,40,5,0.8,0.554029304029304,0.0217285906917668,0.538461538461538,0.583333333333333
"96",2000,40,5,0.8,0.554029304029304,0.0217285906917668,0.538461538461538,0.583333333333333
"97",500,60,5,0.8,0.554029304029304,0.0217285906917668,0.538461538461538,0.583333333333333
"98",1000,60,5,0.8,0.554029304029304,0.0217285906917668,0.538461538461538,0.583333333333333
"99",2000,60,5,0.8,0.554029304029304,0.0217285906917668,0.538461538461538,0.583333333333333
"100",500,100,5,0.8,0.554029304029304,0.0217285906917668,0.538461538461538,0.583333333333333
"101",1000,100,5,0.8,0.554029304029304,0.0217285906917668,0.538461538461538,0.583333333333333
"102",2000,100,5,0.8,0.554029304029304,0.0217285906917668,0.538461538461538,0.583333333333333
"103",500,200,5,0.8,0.554029304029304,0.0217285906917668,0.538461538461538,0.583333333333333
"104",1000,200,5,0.8,0.554029304029304,0.0217285906917668,0.538461538461538,0.583333333333333
"105",2000,200,5,0.8,0.554029304029304,0.0217285906917668,0.538461538461538,0.583333333333333
"106",500,500,5,0.8,0.554029304029304,0.0217285906917668,0.538461538461538,0.583333333333333
"107",1000,500,5,0.8,0.554029304029304,0.0217285906917668,0.538461538461538,0.583333333333333
"108",2000,500,5,0.8,0.554029304029304,0.0217285906917668,0.538461538461538,0.583333333333333
