feature,importance
ESV_534,0.002569478283391327
ESV_1218,0.002165227638705899
ESV_1092,0.0018294498737977006
ESV_318,0.0016642191142191146
ESV_1052,0.0016583850731976672
ESV_1282,0.001611236589497459
ESV_14,0.001351383606646765
ESV_214,0.0013442806328781078
ESV_54,0.0013181546777656624
ESV_430,0.0013029304029304025
ESV_10798,0.0011316239316239314
ESV_21766,0.0011124480172763922
ESV_26,0.001022617077811586
ESV_14232,9.871929824561403e-4
ESV_640,9.659579550883897e-4
ESV_60,9.373322973322975e-4
ESV_150,8.945221445221447e-4
ESV_1096,7.918388857519294e-4
ESV_492,7.646121993948083e-4
ESV_10794,7.607928303580484e-4
ESV_2496,6.650055741360092e-4
ESV_260,6.499538143016408e-4
ESV_4816,6.141025641025644e-4
ESV_614,6.091630591630595e-4
ESV_620,5.993939393939394e-4
ESV_1172,5.894974590626762e-4
ESV_40,5.888337588337582e-4
ESV_7470,5.628638672116934e-4
ESV_66,5.309346209346208e-4
ESV_100654,5.078260869565217e-4
ESV_4290,4.933333333333331e-4
ESV_20,4.928705316269433e-4
ESV_408,4.864721912547996e-4
ESV_1368,4.8404040404040425e-4
ESV_2006,4.786013986013984e-4
ESV_872,4.692759566901443e-4
ESV_24386,4.662803862803868e-4
ESV_115894,4.6174055829228245e-4
ESV_536,4.610025062656644e-4
ESV_7464,4.592508940335025e-4
ESV_6484,4.522943722943724e-4
ESV_1178,4.5134575569358184e-4
ESV_1348,4.47892397457615e-4
ESV_49942,4.29151138716356e-4
ESV_2056,4.1258741258741227e-4
ESV_3040,4.0475524475524447e-4
ESV_526,3.822222222222222e-4
ESV_61762,3.705263157894734e-4
ESV_21794,3.687002652519895e-4
ESV_13730,3.504761904761906e-4
ESV_21626,3.4432234432234444e-4
ESV_14968,3.339130434782611e-4
ESV_16622,3.2775919732441495e-4
tillage,3.2569023569023556e-4
ESV_962,3.255808603634691e-4
ESV_46,3.1629304672782955e-4
ESV_9150,3.086080586080591e-4
ESV_4006,3.076923076923075e-4
ESV_796,3.0000000000000003e-4
ESV_5156,2.9670329670329675e-4
ESV_12290,2.936993441341269e-4
ESV_690,2.897701149425282e-4
ESV_1046,2.8695652173913036e-4
ESV_336,2.857142857142858e-4
ESV_36646,2.813852813852815e-4
ESV_9248,2.7692307692307684e-4
ESV_848,2.75304405739188e-4
ESV_2876,2.7266704310182586e-4
ESV_2878,2.6877470355731223e-4
ESV_4760,2.6877470355731223e-4
ESV_370,2.6868307131464974e-4
ESV_1860,2.673992673992673e-4
ESV_1580,2.651515151515149e-4
ESV_4136,2.619047619047621e-4
ESV_178,2.6190476190476186e-4
ESV_21232,2.609425357251445e-4
ESV_10714,2.5523809523809527e-4
ESV_11868,2.5324675324675327e-4
ESV_21244,2.508361204013378e-4
ESV_57640,2.499999999999998e-4
ESV_5356,2.435897435897436e-4
ESV_220888,2.4358974358974338e-4
ESV_6,2.406878306878304e-4
ESV_1070,2.3999999999999998e-4
ESV_1496,2.3999999999999998e-4
ESV_5184,2.338461538461536e-4
ESV_5424,2.331691297208538e-4
ESV_1840,2.3242424242424242e-4
ESV_41892,2.3148148148148117e-4
ESV_10720,2.25071225071225e-4
ESV_64,2.239098704615945e-4
ESV_470,2.2222222222222231e-4
ESV_258468,2.1978021978021967e-4
ESV_12190,2.1949208686050748e-4
ESV_2340,2.119480519480521e-4
ESV_6390,2.1052631578947389e-4
ESV_83320,2.1052631578947367e-4
ESV_428,2.0689655172413768e-4
ESV_244,1.9999999999999996e-4
ESV_7134,1.9999999999999996e-4
ESV_11482,1.9999999999999996e-4
ESV_138120,1.9907407407407417e-4
ESV_5638,1.9805194805194782e-4
ESV_452,1.958041958041956e-4
ESV_210,1.9507706464228213e-4
ESV_674,1.904761904761907e-4
ESV_4292,1.9047619047619045e-4
ESV_8122,1.9047619047619045e-4
ESV_1274,1.8526315789473702e-4
ESV_3612,1.818181818181821e-4
ESV_8228,1.818181818181819e-4
ESV_10454,1.818181818181819e-4
ESV_13402,1.818181818181819e-4
ESV_1062,1.8181818181818164e-4
ESV_3234,1.8181818181818164e-4
ESV_4896,1.8181818181818164e-4
ESV_7740,1.7391304347826096e-4
ESV_81076,1.7391304347826096e-4
ESV_95502,1.7391304347826096e-4
ESV_1742,1.7391304347826075e-4
ESV_9656,1.7391304347826075e-4
ESV_13676,1.7391304347826075e-4
ESV_4194,1.7216117216117244e-4
ESV_1318,1.7028985507246364e-4
ESV_3324,1.702665150941014e-4
ESV_18392,1.6783216783216792e-4
ESV_960,1.6666666666666674e-4
ESV_3536,1.6666666666666674e-4
ESV_1050,1.6666666666666653e-4
ESV_31508,1.6666666666666653e-4
ESV_39348,1.6666666666666653e-4
ESV_64100,1.6666666666666653e-4
ESV_373122,1.6666666666666653e-4
ESV_3842,1.6475524475524495e-4
ESV_6490,1.6333333333333334e-4
ESV_2362,1.6167224080267583e-4
ESV_6458,1.6000000000000015e-4
ESV_310700,1.6000000000000015e-4
ESV_1130,1.5999999999999993e-4
ESV_2100,1.5999999999999993e-4
ESV_7226,1.5999999999999993e-4
ESV_11338,1.5999999999999993e-4
ESV_20156,1.5999999999999993e-4
ESV_22112,1.5999999999999993e-4
ESV_27910,1.5999999999999993e-4
ESV_31962,1.5999999999999993e-4
ESV_1552,1.5692307692307672e-4
ESV_54856,1.5407407407407424e-4
ESV_3474,1.5384615384615396e-4
ESV_290,1.5384615384615374e-4
ESV_134356,1.5384615384615374e-4
ESV_160824,1.5384615384615374e-4
ESV_4346,1.489655172413793e-4
ESV_4342,1.4814814814814815e-4
ESV_12480,1.4814814814814815e-4
ESV_936,1.42857142857143e-4
ESV_5250,1.428571428571428e-4
ESV_257662,1.428571428571428e-4
ESV_11504,1.379310344827589e-4
ESV_120814,1.3793103448275846e-4
ESV_1308,1.3103448275862095e-4
ESV_2230,1.2285632242153976e-4
ESV_116,1.2219998392412168e-4
ESV_1988,1.1999999999999988e-4
ESV_6540,1.1834180312441234e-4
ESV_162112,1.1764705882352944e-4
ESV_1448,1.1111111111111116e-4
ESV_10420,1.1111111111111116e-4
ESV_374874,1.1111111111111116e-4
ESV_616,1.1111111111111094e-4
ESV_9424,1.0757575757575721e-4
ESV_2640,1.0526315789473694e-4
ESV_4024,1.0526315789473694e-4
ESV_44050,1.0526315789473694e-4
ESV_69028,1.0526315789473694e-4
ESV_1356,1.0000000000000009e-4
ESV_870,9.999999999999987e-5
ESV_3070,9.956709956709942e-5
ESV_3726,9.523809523809535e-5
ESV_10748,9.523809523809535e-5
ESV_18080,9.523809523809535e-5
ESV_19536,9.523809523809535e-5
ESV_253976,9.523809523809535e-5
ESV_922,9.523809523809512e-5
ESV_2658,9.523809523809512e-5
ESV_6392,9.523809523809512e-5
ESV_83464,9.523809523809512e-5
ESV_273160,9.523809523809512e-5
ESV_36622,9.391304347826069e-5
ESV_5922,9.090909090909105e-5
ESV_10740,9.090909090909105e-5
ESV_11502,9.090909090909105e-5
ESV_14704,9.090909090909105e-5
ESV_19550,9.090909090909105e-5
ESV_63202,9.090909090909105e-5
ESV_444,9.090909090909082e-5
ESV_958,9.090909090909082e-5
ESV_1486,9.090909090909082e-5
ESV_3898,9.090909090909082e-5
ESV_4522,9.090909090909082e-5
ESV_5914,9.090909090909082e-5
ESV_7448,9.090909090909082e-5
ESV_8060,9.090909090909082e-5
ESV_9214,9.090909090909082e-5
ESV_24706,9.090909090909082e-5
ESV_44526,9.090909090909082e-5
ESV_134210,9.090909090909082e-5
ESV_134332,9.090909090909082e-5
ESV_4640,8.69565217391306e-5
ESV_4754,8.69565217391306e-5
ESV_6632,8.69565217391306e-5
ESV_17126,8.69565217391306e-5
ESV_82,8.695652173913037e-5
ESV_322,8.695652173913037e-5
ESV_1378,8.695652173913037e-5
ESV_1506,8.695652173913037e-5
ESV_2002,8.695652173913037e-5
ESV_9594,8.695652173913037e-5
ESV_12908,8.695652173913037e-5
ESV_26540,8.695652173913037e-5
ESV_39636,8.695652173913037e-5
ESV_3126,8.601398601398614e-5
ESV_5220,8.333333333333348e-5
ESV_12210,8.333333333333348e-5
ESV_20864,8.333333333333348e-5
ESV_1998,8.333333333333326e-5
ESV_3122,8.333333333333326e-5
ESV_3160,8.333333333333326e-5
ESV_6518,8.333333333333326e-5
ESV_8808,8.333333333333326e-5
ESV_211814,8.333333333333326e-5
ESV_688,8.333333333333303e-5
ESV_162062,8.333333333333303e-5
ESV_94,8.300395256916992e-5
ESV_804,8.000000000000007e-5
ESV_3356,8.000000000000007e-5
ESV_3742,8.000000000000007e-5
ESV_4714,8.000000000000007e-5
ESV_8068,8.000000000000007e-5
ESV_8244,8.000000000000007e-5
ESV_9222,8.000000000000007e-5
ESV_11866,8.000000000000007e-5
ESV_17716,8.000000000000007e-5
ESV_24670,8.000000000000007e-5
ESV_37588,8.000000000000007e-5
ESV_67270,8.000000000000007e-5
ESV_274558,8.000000000000007e-5
ESV_14296,7.999999999999984e-5
ESV_41572,7.999999999999984e-5
ESV_3574,7.692307692307709e-5
ESV_4440,7.692307692307709e-5
ESV_18266,7.692307692307709e-5
ESV_23890,7.692307692307709e-5
ESV_490,7.692307692307687e-5
ESV_2296,7.692307692307687e-5
ESV_2312,7.692307692307687e-5
ESV_2324,7.692307692307687e-5
ESV_4502,7.692307692307687e-5
ESV_11196,7.692307692307687e-5
ESV_61804,7.692307692307687e-5
ESV_64126,7.692307692307687e-5
ESV_203402,7.692307692307687e-5
ESV_160,7.407407407407418e-5
ESV_2068,7.407407407407418e-5
ESV_340,7.407407407407396e-5
ESV_4606,7.407407407407396e-5
ESV_1132,7.142857142857162e-5
ESV_3478,7.142857142857162e-5
ESV_6058,7.142857142857162e-5
ESV_6362,7.142857142857162e-5
ESV_7074,7.142857142857162e-5
ESV_426,7.14285714285714e-5
ESV_3230,7.14285714285714e-5
ESV_5054,7.14285714285714e-5
ESV_5342,7.14285714285714e-5
ESV_16468,7.14285714285714e-5
ESV_1676,6.90909090909091e-5
ESV_1614,6.896551724137923e-5
ESV_62,6.747600225861116e-5
ESV_5476,6.666666666666666e-5
ESV_2360,6.666666666666643e-5
ESV_6118,6.451612903225801e-5
ESV_368,6.385281385281405e-5
ESV_242,6.285714285714273e-5
ESV_176,6.25e-5
ESV_15870,5.590062111801264e-5
ESV_2300,4.2020202020201844e-5
ESV_1512,3.559483994266621e-5
ESV_186,3.174603174603185e-5
ESV_18790,2.8735632183908065e-5
ESV_236,2.571428571428558e-5
ESV_1606,1.831501831501825e-5
ESV_1610,1.4354066985646119e-5
ESV_4,1.3470038733196077e-5
ESV_1408,1.1904761904762307e-5
ESV_378710,1.0579710144927424e-5
ESV_1664,9.743589743589798e-6
ESV_3436,7.957559681697646e-6
ESV_5078,7.575757575757347e-6
ESV_15406,6.41025641025661e-6
ESV_9810,6.410256410256165e-6
ESV_630,4.329004329004516e-6
ESV_4638,3.3333333333334104e-6
ESV_876,3.2467532467530534e-6
ESV_270,2.220446049250313e-19
ESV_4258,2.220446049250313e-19
ESV_16,0
ESV_18,0
ESV_42,0
ESV_68,0
ESV_76,0
ESV_78,0
ESV_86,0
ESV_88,0
ESV_92,0
ESV_98,0
ESV_100,0
ESV_108,0
ESV_114,0
ESV_118,0
ESV_122,0
ESV_146,0
ESV_158,0
ESV_164,0
ESV_168,0
ESV_190,0
ESV_202,0
ESV_204,0
ESV_224,0
ESV_226,0
ESV_228,0
ESV_238,0
ESV_252,0
ESV_262,0
ESV_268,0
ESV_272,0
ESV_280,0
ESV_288,0
ESV_292,0
ESV_294,0
ESV_296,0
ESV_298,0
ESV_308,0
ESV_310,0
ESV_312,0
ESV_326,0
ESV_344,0
ESV_352,0
ESV_354,0
ESV_356,0
ESV_372,0
ESV_374,0
ESV_378,0
ESV_382,0
ESV_386,0
ESV_392,0
ESV_394,0
ESV_398,0
ESV_400,0
ESV_422,0
ESV_424,0
ESV_432,0
ESV_446,0
ESV_450,0
ESV_462,0
ESV_464,0
ESV_472,0
ESV_476,0
ESV_480,0
ESV_484,0
ESV_486,0
ESV_496,0
ESV_498,0
ESV_502,0
ESV_504,0
ESV_516,0
ESV_522,0
ESV_532,0
ESV_544,0
ESV_546,0
ESV_548,0
ESV_552,0
ESV_560,0
ESV_562,0
ESV_564,0
ESV_572,0
ESV_574,0
ESV_580,0
ESV_594,0
ESV_596,0
ESV_610,0
ESV_618,0
ESV_628,0
ESV_636,0
ESV_638,0
ESV_642,0
ESV_646,0
ESV_652,0
ESV_660,0
ESV_666,0
ESV_672,0
ESV_678,0
ESV_682,0
ESV_692,0
ESV_708,0
ESV_714,0
ESV_716,0
ESV_724,0
ESV_728,0
ESV_732,0
ESV_736,0
ESV_742,0
ESV_754,0
ESV_758,0
ESV_776,0
ESV_784,0
ESV_790,0
ESV_798,0
ESV_806,0
ESV_812,0
ESV_816,0
ESV_818,0
ESV_820,0
ESV_824,0
ESV_850,0
ESV_856,0
ESV_860,0
ESV_862,0
ESV_864,0
ESV_874,0
ESV_898,0
ESV_904,0
ESV_908,0
ESV_914,0
ESV_918,0
ESV_920,0
ESV_924,0
ESV_928,0
ESV_930,0
ESV_940,0
ESV_944,0
ESV_948,0
ESV_956,0
ESV_964,0
ESV_966,0
ESV_970,0
ESV_972,0
ESV_976,0
ESV_978,0
ESV_982,0
ESV_998,0
ESV_1000,0
ESV_1012,0
ESV_1014,0
ESV_1018,0
ESV_1020,0
ESV_1028,0
ESV_1038,0
ESV_1040,0
ESV_1042,0
ESV_1048,0
ESV_1054,0
ESV_1060,0
ESV_1074,0
ESV_1078,0
ESV_1082,0
ESV_1084,0
ESV_1088,0
ESV_1094,0
ESV_1104,0
ESV_1108,0
ESV_1110,0
ESV_1112,0
ESV_1114,0
ESV_1126,0
ESV_1128,0
ESV_1138,0
ESV_1140,0
ESV_1144,0
ESV_1154,0
ESV_1156,0
ESV_1160,0
ESV_1166,0
ESV_1170,0
ESV_1176,0
ESV_1180,0
ESV_1184,0
ESV_1190,0
ESV_1194,0
ESV_1200,0
ESV_1204,0
ESV_1208,0
ESV_1210,0
ESV_1212,0
ESV_1214,0
ESV_1220,0
ESV_1224,0
ESV_1228,0
ESV_1246,0
ESV_1258,0
ESV_1264,0
ESV_1266,0
ESV_1268,0
ESV_1270,0
ESV_1272,0
ESV_1278,0
ESV_1288,0
ESV_1290,0
ESV_1294,0
ESV_1296,0
ESV_1302,0
ESV_1310,0
ESV_1312,0
ESV_1328,0
ESV_1336,0
ESV_1340,0
ESV_1344,0
ESV_1346,0
ESV_1354,0
ESV_1358,0
ESV_1366,0
ESV_1372,0
ESV_1374,0
ESV_1380,0
ESV_1382,0
ESV_1386,0
ESV_1392,0
ESV_1394,0
ESV_1396,0
ESV_1402,0
ESV_1404,0
ESV_1412,0
ESV_1416,0
ESV_1428,0
ESV_1430,0
ESV_1432,0
ESV_1438,0
ESV_1442,0
ESV_1452,0
ESV_1454,0
ESV_1456,0
ESV_1462,0
ESV_1464,0
ESV_1468,0
ESV_1470,0
ESV_1472,0
ESV_1476,0
ESV_1482,0
ESV_1500,0
ESV_1522,0
ESV_1530,0
ESV_1536,0
ESV_1538,0
ESV_1546,0
ESV_1554,0
ESV_1556,0
ESV_1558,0
ESV_1564,0
ESV_1568,0
ESV_1574,0
ESV_1586,0
ESV_1598,0
ESV_1624,0
ESV_1644,0
ESV_1650,0
ESV_1658,0
ESV_1674,0
ESV_1682,0
ESV_1690,0
ESV_1692,0
ESV_1696,0
ESV_1698,0
ESV_1706,0
ESV_1716,0
ESV_1718,0
ESV_1730,0
ESV_1736,0
ESV_1750,0
ESV_1760,0
ESV_1762,0
ESV_1766,0
ESV_1774,0
ESV_1780,0
ESV_1790,0
ESV_1792,0
ESV_1800,0
ESV_1802,0
ESV_1804,0
ESV_1814,0
ESV_1820,0
ESV_1822,0
ESV_1824,0
ESV_1828,0
ESV_1832,0
ESV_1858,0
ESV_1862,0
ESV_1876,0
ESV_1878,0
ESV_1880,0
ESV_1882,0
ESV_1884,0
ESV_1892,0
ESV_1894,0
ESV_1906,0
ESV_1908,0
ESV_1910,0
ESV_1916,0
ESV_1918,0
ESV_1922,0
ESV_1930,0
ESV_1932,0
ESV_1934,0
ESV_1936,0
ESV_1940,0
ESV_1950,0
ESV_1956,0
ESV_1960,0
ESV_1964,0
ESV_1978,0
ESV_1980,0
ESV_1994,0
ESV_2010,0
ESV_2028,0
ESV_2032,0
ESV_2034,0
ESV_2046,0
ESV_2062,0
ESV_2072,0
ESV_2074,0
ESV_2082,0
ESV_2098,0
ESV_2102,0
ESV_2110,0
ESV_2116,0
ESV_2124,0
ESV_2128,0
ESV_2142,0
ESV_2144,0
ESV_2148,0
ESV_2152,0
ESV_2166,0
ESV_2168,0
ESV_2170,0
ESV_2174,0
ESV_2182,0
ESV_2184,0
ESV_2188,0
ESV_2210,0
ESV_2214,0
ESV_2216,0
ESV_2218,0
ESV_2232,0
ESV_2256,0
ESV_2258,0
ESV_2260,0
ESV_2274,0
ESV_2276,0
ESV_2284,0
ESV_2292,0
ESV_2294,0
ESV_2298,0
ESV_2326,0
ESV_2328,0
ESV_2330,0
ESV_2336,0
ESV_2348,0
ESV_2352,0
ESV_2358,0
ESV_2376,0
ESV_2378,0
ESV_2380,0
ESV_2390,0
ESV_2392,0
ESV_2398,0
ESV_2402,0
ESV_2418,0
ESV_2428,0
ESV_2440,0
ESV_2442,0
ESV_2444,0
ESV_2446,0
ESV_2452,0
ESV_2462,0
ESV_2470,0
ESV_2472,0
ESV_2486,0
ESV_2490,0
ESV_2498,0
ESV_2504,0
ESV_2506,0
ESV_2508,0
ESV_2510,0
ESV_2526,0
ESV_2528,0
ESV_2538,0
ESV_2552,0
ESV_2562,0
ESV_2570,0
ESV_2572,0
ESV_2580,0
ESV_2598,0
ESV_2602,0
ESV_2606,0
ESV_2612,0
ESV_2614,0
ESV_2616,0
ESV_2630,0
ESV_2636,0
ESV_2652,0
ESV_2660,0
ESV_2662,0
ESV_2672,0
ESV_2676,0
ESV_2680,0
ESV_2682,0
ESV_2692,0
ESV_2704,0
ESV_2706,0
ESV_2708,0
ESV_2714,0
ESV_2724,0
ESV_2734,0
ESV_2736,0
ESV_2742,0
ESV_2744,0
ESV_2748,0
ESV_2752,0
ESV_2760,0
ESV_2786,0
ESV_2798,0
ESV_2800,0
ESV_2802,0
ESV_2804,0
ESV_2806,0
ESV_2824,0
ESV_2832,0
ESV_2834,0
ESV_2856,0
ESV_2866,0
ESV_2882,0
ESV_2892,0
ESV_2898,0
ESV_2900,0
ESV_2902,0
ESV_2924,0
ESV_2934,0
ESV_2936,0
ESV_2940,0
ESV_2942,0
ESV_2952,0
ESV_2982,0
ESV_2986,0
ESV_3008,0
ESV_3010,0
ESV_3012,0
ESV_3018,0
ESV_3038,0
ESV_3046,0
ESV_3068,0
ESV_3072,0
ESV_3074,0
ESV_3090,0
ESV_3094,0
ESV_3112,0
ESV_3116,0
ESV_3118,0
ESV_3128,0
ESV_3134,0
ESV_3150,0
ESV_3176,0
ESV_3178,0
ESV_3208,0
ESV_3218,0
ESV_3228,0
ESV_3254,0
ESV_3264,0
ESV_3274,0
ESV_3276,0
ESV_3280,0
ESV_3284,0
ESV_3286,0
ESV_3288,0
ESV_3320,0
ESV_3332,0
ESV_3346,0
ESV_3348,0
ESV_3350,0
ESV_3352,0
ESV_3354,0
ESV_3358,0
ESV_3382,0
ESV_3388,0
ESV_3398,0
ESV_3408,0
ESV_3412,0
ESV_3428,0
ESV_3430,0
ESV_3432,0
ESV_3438,0
ESV_3450,0
ESV_3452,0
ESV_3460,0
ESV_3464,0
ESV_3466,0
ESV_3476,0
ESV_3482,0
ESV_3488,0
ESV_3506,0
ESV_3508,0
ESV_3512,0
ESV_3514,0
ESV_3520,0
ESV_3524,0
ESV_3526,0
ESV_3534,0
ESV_3558,0
ESV_3564,0
ESV_3568,0
ESV_3582,0
ESV_3584,0
ESV_3590,0
ESV_3592,0
ESV_3594,0
ESV_3604,0
ESV_3618,0
ESV_3624,0
ESV_3626,0
ESV_3628,0
ESV_3632,0
ESV_3650,0
ESV_3654,0
ESV_3664,0
ESV_3684,0
ESV_3690,0
ESV_3696,0
ESV_3700,0
ESV_3710,0
ESV_3712,0
ESV_3722,0
ESV_3728,0
ESV_3730,0
ESV_3736,0
ESV_3744,0
ESV_3768,0
ESV_3776,0
ESV_3778,0
ESV_3782,0
ESV_3794,0
ESV_3796,0
ESV_3798,0
ESV_3808,0
ESV_3822,0
ESV_3828,0
ESV_3832,0
ESV_3838,0
ESV_3840,0
ESV_3848,0
ESV_3850,0
ESV_3854,0
ESV_3856,0
ESV_3862,0
ESV_3864,0
ESV_3876,0
ESV_3902,0
ESV_3906,0
ESV_3908,0
ESV_3910,0
ESV_3918,0
ESV_3954,0
ESV_3958,0
ESV_3960,0
ESV_3962,0
ESV_3968,0
ESV_3976,0
ESV_3980,0
ESV_3998,0
ESV_4020,0
ESV_4028,0
ESV_4044,0
ESV_4052,0
ESV_4068,0
ESV_4084,0
ESV_4086,0
ESV_4102,0
ESV_4118,0
ESV_4124,0
ESV_4126,0
ESV_4132,0
ESV_4140,0
ESV_4146,0
ESV_4156,0
ESV_4162,0
ESV_4186,0
ESV_4188,0
ESV_4206,0
ESV_4212,0
ESV_4222,0
ESV_4226,0
ESV_4238,0
ESV_4262,0
ESV_4270,0
ESV_4272,0
ESV_4280,0
ESV_4282,0
ESV_4308,0
ESV_4314,0
ESV_4336,0
ESV_4338,0
ESV_4344,0
ESV_4360,0
ESV_4364,0
ESV_4368,0
ESV_4370,0
ESV_4384,0
ESV_4390,0
ESV_4396,0
ESV_4410,0
ESV_4424,0
ESV_4426,0
ESV_4432,0
ESV_4448,0
ESV_4450,0
ESV_4464,0
ESV_4476,0
ESV_4482,0
ESV_4492,0
ESV_4498,0
ESV_4500,0
ESV_4518,0
ESV_4524,0
ESV_4528,0
ESV_4536,0
ESV_4546,0
ESV_4558,0
ESV_4570,0
ESV_4572,0
ESV_4578,0
ESV_4580,0
ESV_4612,0
ESV_4616,0
ESV_4620,0
ESV_4622,0
ESV_4624,0
ESV_4628,0
ESV_4644,0
ESV_4648,0
ESV_4650,0
ESV_4652,0
ESV_4654,0
ESV_4656,0
ESV_4658,0
ESV_4686,0
ESV_4688,0
ESV_4690,0
ESV_4694,0
ESV_4698,0
ESV_4700,0
ESV_4706,0
ESV_4732,0
ESV_4738,0
ESV_4750,0
ESV_4758,0
ESV_4762,0
ESV_4764,0
ESV_4770,0
ESV_4772,0
ESV_4778,0
ESV_4794,0
ESV_4808,0
ESV_4830,0
ESV_4838,0
ESV_4844,0
ESV_4850,0
ESV_4854,0
ESV_4882,0
ESV_4888,0
ESV_4890,0
ESV_4892,0
ESV_4902,0
ESV_4908,0
ESV_4912,0
ESV_4914,0
ESV_4942,0
ESV_4978,0
ESV_4980,0
ESV_5006,0
ESV_5008,0
ESV_5010,0
ESV_5012,0
ESV_5014,0
ESV_5020,0
ESV_5022,0
ESV_5058,0
ESV_5060,0
ESV_5066,0
ESV_5084,0
ESV_5088,0
ESV_5090,0
ESV_5098,0
ESV_5116,0
ESV_5136,0
ESV_5150,0
ESV_5162,0
ESV_5164,0
ESV_5168,0
ESV_5170,0
ESV_5190,0
ESV_5194,0
ESV_5212,0
ESV_5216,0
ESV_5254,0
ESV_5256,0
ESV_5260,0
ESV_5272,0
ESV_5328,0
ESV_5330,0
ESV_5332,0
ESV_5334,0
ESV_5336,0
ESV_5348,0
ESV_5350,0
ESV_5354,0
ESV_5368,0
ESV_5370,0
ESV_5382,0
ESV_5396,0
ESV_5422,0
ESV_5428,0
ESV_5432,0
ESV_5436,0
ESV_5452,0
ESV_5470,0
ESV_5474,0
ESV_5510,0
ESV_5522,0
ESV_5524,0
ESV_5534,0
ESV_5538,0
ESV_5558,0
ESV_5562,0
ESV_5590,0
ESV_5624,0
ESV_5630,0
ESV_5634,0
ESV_5664,0
ESV_5684,0
ESV_5700,0
ESV_5728,0
ESV_5730,0
ESV_5734,0
ESV_5766,0
ESV_5768,0
ESV_5774,0
ESV_5776,0
ESV_5812,0
ESV_5816,0
ESV_5826,0
ESV_5828,0
ESV_5834,0
ESV_5836,0
ESV_5848,0
ESV_5882,0
ESV_5908,0
ESV_5910,0
ESV_5912,0
ESV_5918,0
ESV_5928,0
ESV_5948,0
ESV_5954,0
ESV_6004,0
ESV_6006,0
ESV_6010,0
ESV_6012,0
ESV_6048,0
ESV_6050,0
ESV_6052,0
ESV_6066,0
ESV_6108,0
ESV_6116,0
ESV_6130,0
ESV_6144,0
ESV_6164,0
ESV_6170,0
ESV_6236,0
ESV_6244,0
ESV_6248,0
ESV_6250,0
ESV_6272,0
ESV_6276,0
ESV_6280,0
ESV_6286,0
ESV_6292,0
ESV_6294,0
ESV_6296,0
ESV_6302,0
ESV_6352,0
ESV_6358,0
ESV_6360,0
ESV_6366,0
ESV_6374,0
ESV_6382,0
ESV_6384,0
ESV_6388,0
ESV_6398,0
ESV_6416,0
ESV_6418,0
ESV_6420,0
ESV_6422,0
ESV_6424,0
ESV_6508,0
ESV_6516,0
ESV_6536,0
ESV_6542,0
ESV_6544,0
ESV_6548,0
ESV_6550,0
ESV_6584,0
ESV_6610,0
ESV_6614,0
ESV_6634,0
ESV_6636,0
ESV_6654,0
ESV_6656,0
ESV_6668,0
ESV_6674,0
ESV_6676,0
ESV_6680,0
ESV_6750,0
ESV_6758,0
ESV_6760,0
ESV_6794,0
ESV_6802,0
ESV_6810,0
ESV_6842,0
ESV_6848,0
ESV_6874,0
ESV_6876,0
ESV_6880,0
ESV_6890,0
ESV_6892,0
ESV_6918,0
ESV_6920,0
ESV_6926,0
ESV_6932,0
ESV_6934,0
ESV_6936,0
ESV_6942,0
ESV_6976,0
ESV_6980,0
ESV_6984,0
ESV_6988,0
ESV_6990,0
ESV_6992,0
ESV_6994,0
ESV_6998,0
ESV_7002,0
ESV_7010,0
ESV_7072,0
ESV_7076,0
ESV_7132,0
ESV_7146,0
ESV_7162,0
ESV_7178,0
ESV_7232,0
ESV_7282,0
ESV_7308,0
ESV_7346,0
ESV_7358,0
ESV_7364,0
ESV_7394,0
ESV_7400,0
ESV_7410,0
ESV_7416,0
ESV_7418,0
ESV_7420,0
ESV_7424,0
ESV_7436,0
ESV_7440,0
ESV_7442,0
ESV_7454,0
ESV_7456,0
ESV_7462,0
ESV_7468,0
ESV_7474,0
ESV_7502,0
ESV_7512,0
ESV_7516,0
ESV_7518,0
ESV_7560,0
ESV_7570,0
ESV_7580,0
ESV_7582,0
ESV_7590,0
ESV_7592,0
ESV_7598,0
ESV_7606,0
ESV_7622,0
ESV_7624,0
ESV_7634,0
ESV_7636,0
ESV_7644,0
ESV_7658,0
ESV_7702,0
ESV_7710,0
ESV_7726,0
ESV_7738,0
ESV_7764,0
ESV_7774,0
ESV_7780,0
ESV_7794,0
ESV_7798,0
ESV_7802,0
ESV_7870,0
ESV_7884,0
ESV_7920,0
ESV_7940,0
ESV_7960,0
ESV_7970,0
ESV_7984,0
ESV_8046,0
ESV_8050,0
ESV_8066,0
ESV_8070,0
ESV_8072,0
ESV_8080,0
ESV_8086,0
ESV_8094,0
ESV_8096,0
ESV_8104,0
ESV_8110,0
ESV_8116,0
ESV_8134,0
ESV_8148,0
ESV_8152,0
ESV_8154,0
ESV_8214,0
ESV_8220,0
ESV_8222,0
ESV_8226,0
ESV_8246,0
ESV_8258,0
ESV_8266,0
ESV_8300,0
ESV_8310,0
ESV_8314,0
ESV_8316,0
ESV_8356,0
ESV_8358,0
ESV_8374,0
ESV_8378,0
ESV_8420,0
ESV_8432,0
ESV_8438,0
ESV_8440,0
ESV_8446,0
ESV_8448,0
ESV_8462,0
ESV_8476,0
ESV_8480,0
ESV_8528,0
ESV_8548,0
ESV_8582,0
ESV_8604,0
ESV_8608,0
ESV_8626,0
ESV_8658,0
ESV_8772,0
ESV_8774,0
ESV_8794,0
ESV_8800,0
ESV_8806,0
ESV_8810,0
ESV_8814,0
ESV_8830,0
ESV_8846,0
ESV_8890,0
ESV_8892,0
ESV_8930,0
ESV_8936,0
ESV_8952,0
ESV_8960,0
ESV_8996,0
ESV_9082,0
ESV_9098,0
ESV_9134,0
ESV_9140,0
ESV_9146,0
ESV_9154,0
ESV_9204,0
ESV_9208,0
ESV_9210,0
ESV_9226,0
ESV_9228,0
ESV_9238,0
ESV_9254,0
ESV_9258,0
ESV_9268,0
ESV_9282,0
ESV_9290,0
ESV_9360,0
ESV_9380,0
ESV_9386,0
ESV_9388,0
ESV_9394,0
ESV_9432,0
ESV_9492,0
ESV_9500,0
ESV_9502,0
ESV_9506,0
ESV_9520,0
ESV_9596,0
ESV_9612,0
ESV_9664,0
ESV_9674,0
ESV_9690,0
ESV_9698,0
ESV_9716,0
ESV_9754,0
ESV_9800,0
ESV_9804,0
ESV_9816,0
ESV_9826,0
ESV_9828,0
ESV_9840,0
ESV_9862,0
ESV_9896,0
ESV_9900,0
ESV_9902,0
ESV_9908,0
ESV_9918,0
ESV_9952,0
ESV_9958,0
ESV_9970,0
ESV_9976,0
ESV_9978,0
ESV_9990,0
ESV_10078,0
ESV_10134,0
ESV_10158,0
ESV_10166,0
ESV_10212,0
ESV_10220,0
ESV_10224,0
ESV_10248,0
ESV_10280,0
ESV_10366,0
ESV_10368,0
ESV_10370,0
ESV_10382,0
ESV_10390,0
ESV_10412,0
ESV_10416,0
ESV_10424,0
ESV_10430,0
ESV_10452,0
ESV_10462,0
ESV_10464,0
ESV_10484,0
ESV_10488,0
ESV_10512,0
ESV_10520,0
ESV_10578,0
ESV_10652,0
ESV_10674,0
ESV_10676,0
ESV_10712,0
ESV_10718,0
ESV_10722,0
ESV_10726,0
ESV_10732,0
ESV_10736,0
ESV_10752,0
ESV_10776,0
ESV_10780,0
ESV_10804,0
ESV_10816,0
ESV_10832,0
ESV_10840,0
ESV_10908,0
ESV_10928,0
ESV_10932,0
ESV_10948,0
ESV_10956,0
ESV_10978,0
ESV_10984,0
ESV_10990,0
ESV_10992,0
ESV_10996,0
ESV_10998,0
ESV_11002,0
ESV_11004,0
ESV_11012,0
ESV_11022,0
ESV_11032,0
ESV_11036,0
ESV_11040,0
ESV_11042,0
ESV_11046,0
ESV_11078,0
ESV_11088,0
ESV_11180,0
ESV_11216,0
ESV_11222,0
ESV_11232,0
ESV_11236,0
ESV_11240,0
ESV_11306,0
ESV_11340,0
ESV_11350,0
ESV_11354,0
ESV_11376,0
ESV_11380,0
ESV_11398,0
ESV_11470,0
ESV_11478,0
ESV_11486,0
ESV_11488,0
ESV_11494,0
ESV_11538,0
ESV_11548,0
ESV_11560,0
ESV_11562,0
ESV_11566,0
ESV_11568,0
ESV_11570,0
ESV_11574,0
ESV_11596,0
ESV_11668,0
ESV_11672,0
ESV_11676,0
ESV_11782,0
ESV_11810,0
ESV_11818,0
ESV_11822,0
ESV_11846,0
ESV_11852,0
ESV_11858,0
ESV_11878,0
ESV_11888,0
ESV_12008,0
ESV_12010,0
ESV_12094,0
ESV_12100,0
ESV_12130,0
ESV_12134,0
ESV_12136,0
ESV_12156,0
ESV_12218,0
ESV_12234,0
ESV_12258,0
ESV_12284,0
ESV_12288,0
ESV_12328,0
ESV_12332,0
ESV_12380,0
ESV_12526,0
ESV_12544,0
ESV_12570,0
ESV_12580,0
ESV_12600,0
ESV_12626,0
ESV_12632,0
ESV_12642,0
ESV_12652,0
ESV_12660,0
ESV_12662,0
ESV_12664,0
ESV_12666,0
ESV_12696,0
ESV_12856,0
ESV_12864,0
ESV_12888,0
ESV_12900,0
ESV_12910,0
ESV_12954,0
ESV_12962,0
ESV_12964,0
ESV_12972,0
ESV_12978,0
ESV_12998,0
ESV_13000,0
ESV_13004,0
ESV_13006,0
ESV_13016,0
ESV_13042,0
ESV_13056,0
ESV_13058,0
ESV_13064,0
ESV_13066,0
ESV_13070,0
ESV_13118,0
ESV_13134,0
ESV_13228,0
ESV_13230,0
ESV_13240,0
ESV_13250,0
ESV_13370,0
ESV_13384,0
ESV_13418,0
ESV_13420,0
ESV_13444,0
ESV_13446,0
ESV_13454,0
ESV_13496,0
ESV_13498,0
ESV_13502,0
ESV_13554,0
ESV_13640,0
ESV_13642,0
ESV_13650,0
ESV_13656,0
ESV_13662,0
ESV_13678,0
ESV_13718,0
ESV_13728,0
ESV_13732,0
ESV_13758,0
ESV_13776,0
ESV_13782,0
ESV_13792,0
ESV_13840,0
ESV_13844,0
ESV_13852,0
ESV_13872,0
ESV_13874,0
ESV_13876,0
ESV_13880,0
ESV_14064,0
ESV_14108,0
ESV_14114,0
ESV_14116,0
ESV_14120,0
ESV_14124,0
ESV_14126,0
ESV_14130,0
ESV_14184,0
ESV_14194,0
ESV_14200,0
ESV_14206,0
ESV_14216,0
ESV_14218,0
ESV_14220,0
ESV_14256,0
ESV_14300,0
ESV_14328,0
ESV_14370,0
ESV_14510,0
ESV_14514,0
ESV_14528,0
ESV_14534,0
ESV_14548,0
ESV_14560,0
ESV_14584,0
ESV_14586,0
ESV_14592,0
ESV_14598,0
ESV_14604,0
ESV_14664,0
ESV_14668,0
ESV_14672,0
ESV_14718,0
ESV_14728,0
ESV_14730,0
ESV_14762,0
ESV_14766,0
ESV_14790,0
ESV_14792,0
ESV_14794,0
ESV_14798,0
ESV_14800,0
ESV_14904,0
ESV_14934,0
ESV_14944,0
ESV_15018,0
ESV_15040,0
ESV_15074,0
ESV_15076,0
ESV_15090,0
ESV_15094,0
ESV_15098,0
ESV_15100,0
ESV_15104,0
ESV_15108,0
ESV_15120,0
ESV_15124,0
ESV_15170,0
ESV_15178,0
ESV_15230,0
ESV_15274,0
ESV_15280,0
ESV_15312,0
ESV_15362,0
ESV_15478,0
ESV_15494,0
ESV_15510,0
ESV_15518,0
ESV_15528,0
ESV_15530,0
ESV_15536,0
ESV_15542,0
ESV_15548,0
ESV_15588,0
ESV_15614,0
ESV_15646,0
ESV_15676,0
ESV_15778,0
ESV_15794,0
ESV_15800,0
ESV_15804,0
ESV_15848,0
ESV_15876,0
ESV_15884,0
ESV_15894,0
ESV_15932,0
ESV_15944,0
ESV_15948,0
ESV_15954,0
ESV_15958,0
ESV_15986,0
ESV_15988,0
ESV_16012,0
ESV_16018,0
ESV_16038,0
ESV_16056,0
ESV_16066,0
ESV_16090,0
ESV_16174,0
ESV_16218,0
ESV_16254,0
ESV_16308,0
ESV_16310,0
ESV_16318,0
ESV_16332,0
ESV_16378,0
ESV_16386,0
ESV_16400,0
ESV_16406,0
ESV_16408,0
ESV_16422,0
ESV_16454,0
ESV_16458,0
ESV_16472,0
ESV_16480,0
ESV_16492,0
ESV_16514,0
ESV_16556,0
ESV_16588,0
ESV_16620,0
ESV_16632,0
ESV_16636,0
ESV_16728,0
ESV_16920,0
ESV_16926,0
ESV_16934,0
ESV_16940,0
ESV_16970,0
ESV_16976,0
ESV_16978,0
ESV_17030,0
ESV_17048,0
ESV_17054,0
ESV_17070,0
ESV_17134,0
ESV_17140,0
ESV_17150,0
ESV_17278,0
ESV_17308,0
ESV_17314,0
ESV_17336,0
ESV_17506,0
ESV_17546,0
ESV_17618,0
ESV_17650,0
ESV_17666,0
ESV_17690,0
ESV_17698,0
ESV_17704,0
ESV_17708,0
ESV_17712,0
ESV_17722,0
ESV_17726,0
ESV_17730,0
ESV_17742,0
ESV_17802,0
ESV_17804,0
ESV_17820,0
ESV_17822,0
ESV_17848,0
ESV_17874,0
ESV_17876,0
ESV_17898,0
ESV_18046,0
ESV_18058,0
ESV_18082,0
ESV_18094,0
ESV_18116,0
ESV_18122,0
ESV_18126,0
ESV_18138,0
ESV_18160,0
ESV_18196,0
ESV_18234,0
ESV_18260,0
ESV_18280,0
ESV_18286,0
ESV_18356,0
ESV_18494,0
ESV_18510,0
ESV_18540,0
ESV_18548,0
ESV_18708,0
ESV_18850,0
ESV_18872,0
ESV_18884,0
ESV_18892,0
ESV_18906,0
ESV_18914,0
ESV_18938,0
ESV_18976,0
ESV_18984,0
ESV_18986,0
ESV_19000,0
ESV_19028,0
ESV_19070,0
ESV_19074,0
ESV_19172,0
ESV_19466,0
ESV_19478,0
ESV_19502,0
ESV_19596,0
ESV_19630,0
ESV_19658,0
ESV_19668,0
ESV_19846,0
ESV_19860,0
ESV_19866,0
ESV_19886,0
ESV_20158,0
ESV_20192,0
ESV_20216,0
ESV_20356,0
ESV_20360,0
ESV_20420,0
ESV_20480,0
ESV_20598,0
ESV_20604,0
ESV_20622,0
ESV_20624,0
ESV_20808,0
ESV_20824,0
ESV_20886,0
ESV_20896,0
ESV_20902,0
ESV_20906,0
ESV_20908,0
ESV_20910,0
ESV_20912,0
ESV_20936,0
ESV_20942,0
ESV_20952,0
ESV_20968,0
ESV_20988,0
ESV_21062,0
ESV_21090,0
ESV_21094,0
ESV_21136,0
ESV_21210,0
ESV_21216,0
ESV_21366,0
ESV_21396,0
ESV_21402,0
ESV_21404,0
ESV_21564,0
ESV_21582,0
ESV_21590,0
ESV_21632,0
ESV_21638,0
ESV_21642,0
ESV_21644,0
ESV_21694,0
ESV_21724,0
ESV_21740,0
ESV_21776,0
ESV_21782,0
ESV_21790,0
ESV_21834,0
ESV_21872,0
ESV_21894,0
ESV_21918,0
ESV_22014,0
ESV_22032,0
ESV_22066,0
ESV_22332,0
ESV_22338,0
ESV_22348,0
ESV_22390,0
ESV_22394,0
ESV_22460,0
ESV_22466,0
ESV_22510,0
ESV_22538,0
ESV_22584,0
ESV_22586,0
ESV_22604,0
ESV_22632,0
ESV_22676,0
ESV_22694,0
ESV_22718,0
ESV_22730,0
ESV_22750,0
ESV_22776,0
ESV_22906,0
ESV_22914,0
ESV_22932,0
ESV_23180,0
ESV_23256,0
ESV_23348,0
ESV_23410,0
ESV_23502,0
ESV_23548,0
ESV_23566,0
ESV_23570,0
ESV_23574,0
ESV_23636,0
ESV_23644,0
ESV_23722,0
ESV_23774,0
ESV_23788,0
ESV_23930,0
ESV_23956,0
ESV_24188,0
ESV_24232,0
ESV_24266,0
ESV_24278,0
ESV_24292,0
ESV_24302,0
ESV_24312,0
ESV_24370,0
ESV_24380,0
ESV_24414,0
ESV_24432,0
ESV_24522,0
ESV_24538,0
ESV_24566,0
ESV_24574,0
ESV_24666,0
ESV_24754,0
ESV_24756,0
ESV_24842,0
ESV_24846,0
ESV_24888,0
ESV_24896,0
ESV_24926,0
ESV_24930,0
ESV_25130,0
ESV_25226,0
ESV_25288,0
ESV_25290,0
ESV_25364,0
ESV_25382,0
ESV_25458,0
ESV_25468,0
ESV_25472,0
ESV_25538,0
ESV_25710,0
ESV_25712,0
ESV_25764,0
ESV_25790,0
ESV_25854,0
ESV_25868,0
ESV_25872,0
ESV_25912,0
ESV_25942,0
ESV_25944,0
ESV_26292,0
ESV_26376,0
ESV_26394,0
ESV_26400,0
ESV_26404,0
ESV_26412,0
ESV_26436,0
ESV_26456,0
ESV_26500,0
ESV_26508,0
ESV_26526,0
ESV_26544,0
ESV_26570,0
ESV_26612,0
ESV_26614,0
ESV_26638,0
ESV_26670,0
ESV_26694,0
ESV_26782,0
ESV_26806,0
ESV_26980,0
ESV_27096,0
ESV_27098,0
ESV_27122,0
ESV_27128,0
ESV_27462,0
ESV_27560,0
ESV_27584,0
ESV_27602,0
ESV_27616,0
ESV_27622,0
ESV_27794,0
ESV_27820,0
ESV_27848,0
ESV_27858,0
ESV_27890,0
ESV_27902,0
ESV_27928,0
ESV_27930,0
ESV_27964,0
ESV_28066,0
ESV_28098,0
ESV_28120,0
ESV_28134,0
ESV_28320,0
ESV_28328,0
ESV_28338,0
ESV_28340,0
ESV_28384,0
ESV_28632,0
ESV_28884,0
ESV_28888,0
ESV_28950,0
ESV_28972,0
ESV_28992,0
ESV_29014,0
ESV_29082,0
ESV_29126,0
ESV_29184,0
ESV_29204,0
ESV_29230,0
ESV_29258,0
ESV_29274,0
ESV_29278,0
ESV_29416,0
ESV_29466,0
ESV_29482,0
ESV_29520,0
ESV_29594,0
ESV_29804,0
ESV_29886,0
ESV_29894,0
ESV_30036,0
ESV_30072,0
ESV_30106,0
ESV_30134,0
ESV_30210,0
ESV_30240,0
ESV_30350,0
ESV_30356,0
ESV_30396,0
ESV_30402,0
ESV_30488,0
ESV_30500,0
ESV_30612,0
ESV_30650,0
ESV_30708,0
ESV_30714,0
ESV_30720,0
ESV_30726,0
ESV_30772,0
ESV_30858,0
ESV_31306,0
ESV_31344,0
ESV_31404,0
ESV_31446,0
ESV_31490,0
ESV_31530,0
ESV_31546,0
ESV_31548,0
ESV_31608,0
ESV_31780,0
ESV_31810,0
ESV_31836,0
ESV_31868,0
ESV_31894,0
ESV_32006,0
ESV_32062,0
ESV_32076,0
ESV_32096,0
ESV_32122,0
ESV_32176,0
ESV_32178,0
ESV_32218,0
ESV_32302,0
ESV_32308,0
ESV_32328,0
ESV_32514,0
ESV_32902,0
ESV_32918,0
ESV_33040,0
ESV_33112,0
ESV_33114,0
ESV_33180,0
ESV_33192,0
ESV_33262,0
ESV_33288,0
ESV_33438,0
ESV_33454,0
ESV_33466,0
ESV_33588,0
ESV_33616,0
ESV_33654,0
ESV_33680,0
ESV_33750,0
ESV_33786,0
ESV_33788,0
ESV_33846,0
ESV_33868,0
ESV_34118,0
ESV_34142,0
ESV_34246,0
ESV_34250,0
ESV_34436,0
ESV_34440,0
ESV_34748,0
ESV_34798,0
ESV_34886,0
ESV_34978,0
ESV_35050,0
ESV_35072,0
ESV_35216,0
ESV_35312,0
ESV_35338,0
ESV_35408,0
ESV_35410,0
ESV_35412,0
ESV_35438,0
ESV_35542,0
ESV_35818,0
ESV_35922,0
ESV_35934,0
ESV_35956,0
ESV_36002,0
ESV_36252,0
ESV_36554,0
ESV_36596,0
ESV_36602,0
ESV_36614,0
ESV_36682,0
ESV_36788,0
ESV_36848,0
ESV_36938,0
ESV_36946,0
ESV_37112,0
ESV_37116,0
ESV_37122,0
ESV_37180,0
ESV_37212,0
ESV_37214,0
ESV_37216,0
ESV_37220,0
ESV_37314,0
ESV_37446,0
ESV_37516,0
ESV_37518,0
ESV_37622,0
ESV_37890,0
ESV_37904,0
ESV_37908,0
ESV_37934,0
ESV_38002,0
ESV_38216,0
ESV_38400,0
ESV_38562,0
ESV_38612,0
ESV_38652,0
ESV_38670,0
ESV_38772,0
ESV_38816,0
ESV_38998,0
ESV_39126,0
ESV_39140,0
ESV_39154,0
ESV_39176,0
ESV_39184,0
ESV_39196,0
ESV_39258,0
ESV_39264,0
ESV_39288,0
ESV_39332,0
ESV_39406,0
ESV_39572,0
ESV_39590,0
ESV_39616,0
ESV_39626,0
ESV_39640,0
ESV_39664,0
ESV_39692,0
ESV_39702,0
ESV_39796,0
ESV_39826,0
ESV_40084,0
ESV_40174,0
ESV_40308,0
ESV_40948,0
ESV_40962,0
ESV_40992,0
ESV_41000,0
ESV_41020,0
ESV_41028,0
ESV_41030,0
ESV_41048,0
ESV_41064,0
ESV_41082,0
ESV_41088,0
ESV_41178,0
ESV_41238,0
ESV_41458,0
ESV_41486,0
ESV_41678,0
ESV_42000,0
ESV_42192,0
ESV_42212,0
ESV_42216,0
ESV_42372,0
ESV_42398,0
ESV_42684,0
ESV_43266,0
ESV_43406,0
ESV_43428,0
ESV_43494,0
ESV_43764,0
ESV_44116,0
ESV_44118,0
ESV_44142,0
ESV_44186,0
ESV_44404,0
ESV_44406,0
ESV_44472,0
ESV_44500,0
ESV_44598,0
ESV_44682,0
ESV_44714,0
ESV_44990,0
ESV_45012,0
ESV_45732,0
ESV_46022,0
ESV_46060,0
ESV_46066,0
ESV_46070,0
ESV_46254,0
ESV_46266,0
ESV_46278,0
ESV_46298,0
ESV_46312,0
ESV_46364,0
ESV_46718,0
ESV_46814,0
ESV_46884,0
ESV_46892,0
ESV_46904,0
ESV_46922,0
ESV_47038,0
ESV_47098,0
ESV_47128,0
ESV_47130,0
ESV_47166,0
ESV_47182,0
ESV_47244,0
ESV_47312,0
ESV_47404,0
ESV_47436,0
ESV_47478,0
ESV_47566,0
ESV_47622,0
ESV_47638,0
ESV_47666,0
ESV_47670,0
ESV_47768,0
ESV_48010,0
ESV_48030,0
ESV_48036,0
ESV_48840,0
ESV_49304,0
ESV_49336,0
ESV_49378,0
ESV_49420,0
ESV_49462,0
ESV_49472,0
ESV_49728,0
ESV_49750,0
ESV_49808,0
ESV_49892,0
ESV_49950,0
ESV_49964,0
ESV_49988,0
ESV_50024,0
ESV_50038,0
ESV_50096,0
ESV_50138,0
ESV_50170,0
ESV_50288,0
ESV_50320,0
ESV_50408,0
ESV_50580,0
ESV_50582,0
ESV_50612,0
ESV_50696,0
ESV_50728,0
ESV_50954,0
ESV_50994,0
ESV_51048,0
ESV_51052,0
ESV_51070,0
ESV_51074,0
ESV_51420,0
ESV_51422,0
ESV_51574,0
ESV_52720,0
ESV_52814,0
ESV_52962,0
ESV_52998,0
ESV_53026,0
ESV_53046,0
ESV_53076,0
ESV_53138,0
ESV_53420,0
ESV_53590,0
ESV_53636,0
ESV_53702,0
ESV_53716,0
ESV_53722,0
ESV_53748,0
ESV_53886,0
ESV_53960,0
ESV_53976,0
ESV_54050,0
ESV_54184,0
ESV_54186,0
ESV_54188,0
ESV_54220,0
ESV_54236,0
ESV_54256,0
ESV_54388,0
ESV_54414,0
ESV_54842,0
ESV_54844,0
ESV_54902,0
ESV_54942,0
ESV_55096,0
ESV_55164,0
ESV_55178,0
ESV_55248,0
ESV_55264,0
ESV_56714,0
ESV_56780,0
ESV_56834,0
ESV_56836,0
ESV_57030,0
ESV_57066,0
ESV_57158,0
ESV_57160,0
ESV_57492,0
ESV_57504,0
ESV_57526,0
ESV_57574,0
ESV_57602,0
ESV_57672,0
ESV_57740,0
ESV_57794,0
ESV_57832,0
ESV_57834,0
ESV_57876,0
ESV_57882,0
ESV_57996,0
ESV_58016,0
ESV_58212,0
ESV_58248,0
ESV_58682,0
ESV_58736,0
ESV_58878,0
ESV_58958,0
ESV_58980,0
ESV_59132,0
ESV_59350,0
ESV_59358,0
ESV_59408,0
ESV_59656,0
ESV_61222,0
ESV_61300,0
ESV_61374,0
ESV_61380,0
ESV_61386,0
ESV_61410,0
ESV_61742,0
ESV_61894,0
ESV_61996,0
ESV_62034,0
ESV_62250,0
ESV_62282,0
ESV_62434,0
ESV_62466,0
ESV_62508,0
ESV_62520,0
ESV_62536,0
ESV_62548,0
ESV_62876,0
ESV_62888,0
ESV_62978,0
ESV_63082,0
ESV_63136,0
ESV_63184,0
ESV_63236,0
ESV_63256,0
ESV_63462,0
ESV_63520,0
ESV_63748,0
ESV_63778,0
ESV_63866,0
ESV_63876,0
ESV_64108,0
ESV_64134,0
ESV_64508,0
ESV_64580,0
ESV_64600,0
ESV_64618,0
ESV_64654,0
ESV_64732,0
ESV_65314,0
ESV_66348,0
ESV_66414,0
ESV_66448,0
ESV_66514,0
ESV_66666,0
ESV_66668,0
ESV_66762,0
ESV_67096,0
ESV_67108,0
ESV_67130,0
ESV_67236,0
ESV_67248,0
ESV_67450,0
ESV_67560,0
ESV_67570,0
ESV_67612,0
ESV_67724,0
ESV_67870,0
ESV_67872,0
ESV_68000,0
ESV_68036,0
ESV_68052,0
ESV_68088,0
ESV_68106,0
ESV_68170,0
ESV_68230,0
ESV_68392,0
ESV_68576,0
ESV_68602,0
ESV_68724,0
ESV_68742,0
ESV_68756,0
ESV_68864,0
ESV_68922,0
ESV_69094,0
ESV_69170,0
ESV_69302,0
ESV_69584,0
ESV_69604,0
ESV_69672,0
ESV_70270,0
ESV_71012,0
ESV_71036,0
ESV_72552,0
ESV_72674,0
ESV_72846,0
ESV_72942,0
ESV_73088,0
ESV_73110,0
ESV_73134,0
ESV_73200,0
ESV_73262,0
ESV_73416,0
ESV_73596,0
ESV_73766,0
ESV_73788,0
ESV_73838,0
ESV_74030,0
ESV_74132,0
ESV_74326,0
ESV_74360,0
ESV_74494,0
ESV_74702,0
ESV_74790,0
ESV_74836,0
ESV_74924,0
ESV_75334,0
ESV_75454,0
ESV_75640,0
ESV_75782,0
ESV_75808,0
ESV_75932,0
ESV_76022,0
ESV_76026,0
ESV_76100,0
ESV_76380,0
ESV_76858,0
ESV_77168,0
ESV_77996,0
ESV_78012,0
ESV_78310,0
ESV_78400,0
ESV_79742,0
ESV_79918,0
ESV_80306,0
ESV_80400,0
ESV_80424,0
ESV_80494,0
ESV_80550,0
ESV_80586,0
ESV_80924,0
ESV_80948,0
ESV_80994,0
ESV_81178,0
ESV_81644,0
ESV_81726,0
ESV_81830,0
ESV_81834,0
ESV_81850,0
ESV_81892,0
ESV_81912,0
ESV_82006,0
ESV_82504,0
ESV_82540,0
ESV_82614,0
ESV_82624,0
ESV_82644,0
ESV_82682,0
ESV_82802,0
ESV_82880,0
ESV_82972,0
ESV_83068,0
ESV_83072,0
ESV_83234,0
ESV_83318,0
ESV_83642,0
ESV_83776,0
ESV_83938,0
ESV_83984,0
ESV_84146,0
ESV_85684,0
ESV_85686,0
ESV_85976,0
ESV_86644,0
ESV_86646,0
ESV_86936,0
ESV_88534,0
ESV_88702,0
ESV_88780,0
ESV_88948,0
ESV_88990,0
ESV_89086,0
ESV_89332,0
ESV_89876,0
ESV_90200,0
ESV_90218,0
ESV_90674,0
ESV_90794,0
ESV_90838,0
ESV_90856,0
ESV_90874,0
ESV_90876,0
ESV_90896,0
ESV_90930,0
ESV_90976,0
ESV_90978,0
ESV_91188,0
ESV_91236,0
ESV_91244,0
ESV_91880,0
ESV_91888,0
ESV_92090,0
ESV_92098,0
ESV_92326,0
ESV_92370,0
ESV_92734,0
ESV_92858,0
ESV_93258,0
ESV_93360,0
ESV_93382,0
ESV_93430,0
ESV_93582,0
ESV_93684,0
ESV_93706,0
ESV_93754,0
ESV_94104,0
ESV_94142,0
ESV_94492,0
ESV_94736,0
ESV_94826,0
ESV_94828,0
ESV_94860,0
ESV_95168,0
ESV_95302,0
ESV_95328,0
ESV_95450,0
ESV_95714,0
ESV_96200,0
ESV_96670,0
ESV_96946,0
ESV_99706,0
ESV_99764,0
ESV_99854,0
ESV_100076,0
ESV_100078,0
ESV_100134,0
ESV_100136,0
ESV_100682,0
ESV_101102,0
ESV_101212,0
ESV_101244,0
ESV_101366,0
ESV_101440,0
ESV_101472,0
ESV_101848,0
ESV_101862,0
ESV_102292,0
ESV_102306,0
ESV_102486,0
ESV_102494,0
ESV_102528,0
ESV_102552,0
ESV_102554,0
ESV_102636,0
ESV_102702,0
ESV_102852,0
ESV_102878,0
ESV_102882,0
ESV_102982,0
ESV_103052,0
ESV_103180,0
ESV_103252,0
ESV_103468,0
ESV_103792,0
ESV_103874,0
ESV_103890,0
ESV_103914,0
ESV_104048,0
ESV_104162,0
ESV_104244,0
ESV_104260,0
ESV_104284,0
ESV_104418,0
ESV_104710,0
ESV_105256,0
ESV_105308,0
ESV_105630,0
ESV_105734,0
ESV_105912,0
ESV_105930,0
ESV_105962,0
ESV_105964,0
ESV_106022,0
ESV_106200,0
ESV_106378,0
ESV_106396,0
ESV_106428,0
ESV_106430,0
ESV_106488,0
ESV_106834,0
ESV_106886,0
ESV_107146,0
ESV_107168,0
ESV_107256,0
ESV_107278,0
ESV_108302,0
ESV_108462,0
ESV_108518,0
ESV_108650,0
ESV_108778,0
ESV_110108,0
ESV_110288,0
ESV_111528,0
ESV_111582,0
ESV_113708,0
ESV_113806,0
ESV_113954,0
ESV_114142,0
ESV_114250,0
ESV_114348,0
ESV_114496,0
ESV_114684,0
ESV_115608,0
ESV_115648,0
ESV_115736,0
ESV_115868,0
ESV_115870,0
ESV_115910,0
ESV_115950,0
ESV_116038,0
ESV_116144,0
ESV_116376,0
ESV_116680,0
ESV_116912,0
ESV_117312,0
ESV_117314,0
ESV_117366,0
ESV_117412,0
ESV_117548,0
ESV_117550,0
ESV_117602,0
ESV_117648,0
ESV_117692,0
ESV_117726,0
ESV_118088,0
ESV_118090,0
ESV_118242,0
ESV_118244,0
ESV_118952,0
ESV_119120,0
ESV_119204,0
ESV_119220,0
ESV_119476,0
ESV_119484,0
ESV_119494,0
ESV_119660,0
ESV_119662,0
ESV_119746,0
ESV_119760,0
ESV_120244,0
ESV_120264,0
ESV_120366,0
ESV_120552,0
ESV_120710,0
ESV_120730,0
ESV_121262,0
ESV_121334,0
ESV_121414,0
ESV_121610,0
ESV_121612,0
ESV_121614,0
ESV_121658,0
ESV_121660,0
ESV_121662,0
ESV_121748,0
ESV_121760,0
ESV_121826,0
ESV_121828,0
ESV_121932,0
ESV_122054,0
ESV_122250,0
ESV_122252,0
ESV_122254,0
ESV_122298,0
ESV_122300,0
ESV_122302,0
ESV_122388,0
ESV_122400,0
ESV_122466,0
ESV_122468,0
ESV_122572,0
ESV_122952,0
ESV_123010,0
ESV_123828,0
ESV_124532,0
ESV_124574,0
ESV_125074,0
ESV_125280,0
ESV_125558,0
ESV_126400,0
ESV_127532,0
ESV_128662,0
ESV_132512,0
ESV_132578,0
ESV_132684,0
ESV_132958,0
ESV_133074,0
ESV_133252,0
ESV_133318,0
ESV_133424,0
ESV_133698,0
ESV_134186,0
ESV_134194,0
ESV_134340,0
ESV_134940,0
ESV_134954,0
ESV_135286,0
ESV_135824,0
ESV_136138,0
ESV_136160,0
ESV_136524,0
ESV_136858,0
ESV_136894,0
ESV_136950,0
ESV_136994,0
ESV_136996,0
ESV_137008,0
ESV_137098,0
ESV_137170,0
ESV_137296,0
ESV_137332,0
ESV_137388,0
ESV_137432,0
ESV_137434,0
ESV_137446,0
ESV_137536,0
ESV_137608,0
ESV_137868,0
ESV_138030,0
ESV_138144,0
ESV_138192,0
ESV_138446,0
ESV_138512,0
ESV_138518,0
ESV_138818,0
ESV_138884,0
ESV_138890,0
ESV_138996,0
ESV_139102,0
ESV_139104,0
ESV_139284,0
ESV_139306,0
ESV_139330,0
ESV_139384,0
ESV_139386,0
ESV_139582,0
ESV_139656,0
ESV_139672,0
ESV_139876,0
ESV_139878,0
ESV_140028,0
ESV_140078,0
ESV_140102,0
ESV_140156,0
ESV_140160,0
ESV_140354,0
ESV_140586,0
ESV_140610,0
ESV_140804,0
ESV_140902,0
ESV_141400,0
ESV_141762,0
ESV_141898,0
ESV_141962,0
ESV_142106,0
ESV_142242,0
ESV_142306,0
ESV_142354,0
ESV_142358,0
ESV_142360,0
ESV_142362,0
ESV_142714,0
ESV_142832,0
ESV_142910,0
ESV_142912,0
ESV_142924,0
ESV_142926,0
ESV_143208,0
ESV_143392,0
ESV_143396,0
ESV_143398,0
ESV_143400,0
ESV_143752,0
ESV_143870,0
ESV_143948,0
ESV_143950,0
ESV_143962,0
ESV_143964,0
ESV_144246,0
ESV_144384,0
ESV_144430,0
ESV_144702,0
ESV_145880,0
ESV_146770,0
ESV_146772,0
ESV_146778,0
ESV_147268,0
ESV_147414,0
ESV_148050,0
ESV_149414,0
ESV_151004,0
ESV_152368,0
ESV_158050,0
ESV_158052,0
ESV_158056,0
ESV_158178,0
ESV_158180,0
ESV_158888,0
ESV_158890,0
ESV_158892,0
ESV_159412,0
ESV_159414,0
ESV_159418,0
ESV_159540,0
ESV_159542,0
ESV_160250,0
ESV_160252,0
ESV_160254,0
ESV_160374,0
ESV_160956,0
ESV_161248,0
ESV_161508,0
ESV_162574,0
ESV_162666,0
ESV_163064,0
ESV_163444,0
ESV_163536,0
ESV_163934,0
ESV_164036,0
ESV_164038,0
ESV_164116,0
ESV_164118,0
ESV_164228,0
ESV_164230,0
ESV_164232,0
ESV_164234,0
ESV_164296,0
ESV_164298,0
ESV_164338,0
ESV_164340,0
ESV_164464,0
ESV_164466,0
ESV_164488,0
ESV_164748,0
ESV_164750,0
ESV_164828,0
ESV_164830,0
ESV_164940,0
ESV_164942,0
ESV_164944,0
ESV_164946,0
ESV_165008,0
ESV_165010,0
ESV_165050,0
ESV_165052,0
ESV_165176,0
ESV_165178,0
ESV_165200,0
ESV_165434,0
ESV_165456,0
ESV_165472,0
ESV_165482,0
ESV_165524,0
ESV_165628,0
ESV_166244,0
ESV_166710,0
ESV_167010,0
ESV_167176,0
ESV_167178,0
ESV_167180,0
ESV_167182,0
ESV_167414,0
ESV_167496,0
ESV_167498,0
ESV_167552,0
ESV_167554,0
ESV_167664,0
ESV_167666,0
ESV_167982,0
ESV_168092,0
ESV_168126,0
ESV_168128,0
ESV_168324,0
ESV_168326,0
ESV_168494,0
ESV_168496,0
ESV_168498,0
ESV_168780,0
ESV_168812,0
ESV_168814,0
ESV_168816,0
ESV_168872,0
ESV_168980,0
ESV_168982,0
ESV_168984,0
ESV_169300,0
ESV_169410,0
ESV_169444,0
ESV_169446,0
ESV_169448,0
ESV_169450,0
ESV_169666,0
ESV_169934,0
ESV_170030,0
ESV_170184,0
ESV_170210,0
ESV_170428,0
ESV_170708,0
ESV_171168,0
ESV_171272,0
ESV_171390,0
ESV_171556,0
ESV_172642,0
ESV_172846,0
ESV_173480,0
ESV_173482,0
ESV_173484,0
ESV_174382,0
ESV_174586,0
ESV_175220,0
ESV_175222,0
ESV_175224,0
ESV_175742,0
ESV_175972,0
ESV_176000,0
ESV_176196,0
ESV_176270,0
ESV_176334,0
ESV_176658,0
ESV_176794,0
ESV_177012,0
ESV_177148,0
ESV_177880,0
ESV_178132,0
ESV_179552,0
ESV_179872,0
ESV_180346,0
ESV_181668,0
ESV_184516,0
ESV_185838,0
ESV_188632,0
ESV_188736,0
ESV_196096,0
ESV_198476,0
ESV_200380,0
ESV_200468,0
ESV_202248,0
ESV_202256,0
ESV_203394,0
ESV_204260,0
ESV_204320,0
ESV_204336,0
ESV_204462,0
ESV_204464,0
ESV_204466,0
ESV_204468,0
ESV_204650,0
ESV_204652,0
ESV_204654,0
ESV_204656,0
ESV_204796,0
ESV_204844,0
ESV_204846,0
ESV_204850,0
ESV_204852,0
ESV_205042,0
ESV_205044,0
ESV_205088,0
ESV_205090,0
ESV_205092,0
ESV_205550,0
ESV_205610,0
ESV_205626,0
ESV_205752,0
ESV_205754,0
ESV_205756,0
ESV_205758,0
ESV_205940,0
ESV_205942,0
ESV_205944,0
ESV_205946,0
ESV_206086,0
ESV_206134,0
ESV_206136,0
ESV_206140,0
ESV_206142,0
ESV_206332,0
ESV_206334,0
ESV_206378,0
ESV_206380,0
ESV_206382,0
ESV_206854,0
ESV_206858,0
ESV_206996,0
ESV_207010,0
ESV_207196,0
ESV_207518,0
ESV_207576,0
ESV_207634,0
ESV_207670,0
ESV_207926,0
ESV_208212,0
ESV_208214,0
ESV_208548,0
ESV_208638,0
ESV_208920,0
ESV_208956,0
ESV_209274,0
ESV_209276,0
ESV_209278,0
ESV_209282,0
ESV_209284,0
ESV_209286,0
ESV_209702,0
ESV_209704,0
ESV_209706,0
ESV_209708,0
ESV_209814,0
ESV_209890,0
ESV_209892,0
ESV_209894,0
ESV_209896,0
ESV_210072,0
ESV_210160,0
ESV_210162,0
ESV_210166,0
ESV_210168,0
ESV_210170,0
ESV_210478,0
ESV_210776,0
ESV_210778,0
ESV_210780,0
ESV_211010,0
ESV_211012,0
ESV_211014,0
ESV_211072,0
ESV_211074,0
ESV_211076,0
ESV_211078,0
ESV_211414,0
ESV_211732,0
ESV_211734,0
ESV_211736,0
ESV_211740,0
ESV_211742,0
ESV_211744,0
ESV_212160,0
ESV_212162,0
ESV_212164,0
ESV_212166,0
ESV_212272,0
ESV_212348,0
ESV_212350,0
ESV_212352,0
ESV_212354,0
ESV_212530,0
ESV_212618,0
ESV_212620,0
ESV_212624,0
ESV_212626,0
ESV_212628,0
ESV_212936,0
ESV_213234,0
ESV_213236,0
ESV_213238,0
ESV_213468,0
ESV_213470,0
ESV_213472,0
ESV_213530,0
ESV_213532,0
ESV_213534,0
ESV_213536,0
ESV_214070,0
ESV_214246,0
ESV_214478,0
ESV_214584,0
ESV_215042,0
ESV_215162,0
ESV_215340,0
ESV_215804,0
ESV_216474,0
ESV_217774,0
ESV_218118,0
ESV_218120,0
ESV_218122,0
ESV_218124,0
ESV_218126,0
ESV_218128,0
ESV_220974,0
ESV_220976,0
ESV_220978,0
ESV_220980,0
ESV_220982,0
ESV_220984,0
ESV_222380,0
ESV_222526,0
ESV_222898,0
ESV_223080,0
ESV_223450,0
ESV_224026,0
ESV_224068,0
ESV_224210,0
ESV_224520,0
ESV_224562,0
ESV_224704,0
ESV_225090,0
ESV_225092,0
ESV_225158,0
ESV_226472,0
ESV_226540,0
ESV_227554,0
ESV_227680,0
ESV_228000,0
ESV_228190,0
ESV_229028,0
ESV_229182,0
ESV_236766,0
ESV_253170,0
ESV_261338,0
ESV_261756,0
ESV_264502,0
ESV_264756,0
ESV_265766,0
ESV_266116,0
ESV_266370,0
ESV_267844,0
ESV_267846,0
ESV_267848,0
ESV_267944,0
ESV_267946,0
ESV_267948,0
ESV_267974,0
ESV_268562,0
ESV_268566,0
ESV_268568,0
ESV_268570,0
ESV_268572,0
ESV_268802,0
ESV_269282,0
ESV_269284,0
ESV_270192,0
ESV_270194,0
ESV_270196,0
ESV_270286,0
ESV_270290,0
ESV_270294,0
ESV_270320,0
ESV_270322,0
ESV_270912,0
ESV_270914,0
ESV_270918,0
ESV_270920,0
ESV_271148,0
ESV_271150,0
ESV_271628,0
ESV_271632,0
ESV_272438,0
ESV_272440,0
ESV_272528,0
ESV_272766,0
ESV_273180,0
ESV_273192,0
ESV_273546,0
ESV_273602,0
ESV_273688,0
ESV_274614,0
ESV_274700,0
ESV_275512,0
ESV_275514,0
ESV_275516,0
ESV_275518,0
ESV_275520,0
ESV_275522,0
ESV_275524,0
ESV_275526,0
ESV_276236,0
ESV_276962,0
ESV_276964,0
ESV_276966,0
ESV_276968,0
ESV_276970,0
ESV_276972,0
ESV_276976,0
ESV_277212,0
ESV_277214,0
ESV_277216,0
ESV_277356,0
ESV_277358,0
ESV_277362,0
ESV_277364,0
ESV_277366,0
ESV_277870,0
ESV_277874,0
ESV_277876,0
ESV_277878,0
ESV_277880,0
ESV_277882,0
ESV_277884,0
ESV_277886,0
ESV_277888,0
ESV_277890,0
ESV_277892,0
ESV_277894,0
ESV_277896,0
ESV_277898,0
ESV_278432,0
ESV_279032,0
ESV_279034,0
ESV_279036,0
ESV_279570,0
ESV_279572,0
ESV_279574,0
ESV_279576,0
ESV_279578,0
ESV_279922,0
ESV_279924,0
ESV_280106,0
ESV_280172,0
ESV_280210,0
ESV_280212,0
ESV_280214,0
ESV_280216,0
ESV_280218,0
ESV_280220,0
ESV_280222,0
ESV_281662,0
ESV_281664,0
ESV_281666,0
ESV_281668,0
ESV_281670,0
ESV_281672,0
ESV_281674,0
ESV_281908,0
ESV_281910,0
ESV_282052,0
ESV_282054,0
ESV_282056,0
ESV_282058,0
ESV_282062,0
ESV_282064,0
ESV_282066,0
ESV_282566,0
ESV_282568,0
ESV_282570,0
ESV_282572,0
ESV_282574,0
ESV_282576,0
ESV_282582,0
ESV_282586,0
ESV_282588,0
ESV_282594,0
ESV_282596,0
ESV_282768,0
ESV_283128,0
ESV_283130,0
ESV_283728,0
ESV_283730,0
ESV_283732,0
ESV_284266,0
ESV_284268,0
ESV_284272,0
ESV_284274,0
ESV_284618,0
ESV_284620,0
ESV_285334,0
ESV_285448,0
ESV_285698,0
ESV_285812,0
ESV_286036,0
ESV_286282,0
ESV_286502,0
ESV_286506,0
ESV_287666,0
ESV_288692,0
ESV_292700,0
ESV_301534,0
ESV_301816,0
ESV_304244,0
ESV_306468,0
ESV_306854,0
ESV_308596,0
ESV_308778,0
ESV_309118,0
ESV_310038,0
ESV_310040,0
ESV_310556,0
ESV_310698,0
ESV_311216,0
ESV_315152,0
ESV_316812,0
ESV_318668,0
ESV_325892,0
ESV_327552,0
ESV_329408,0
ESV_332876,0
ESV_333434,0
ESV_333728,0
ESV_372710,0
ESV_373924,0
ESV_374826,0
ESV_375664,0
ESV_377076,0
ESV_377242,0
ESV_378676,0
ESV_379516,0
ESV_380750,0
ESV_380752,0
ESV_380754,0
ESV_380756,0
ESV_380758,0
ESV_380760,0
ESV_382610,0
ESV_382612,0
ESV_382614,0
ESV_382616,0
ESV_382618,0
ESV_383596,0
ESV_383598,0
ESV_383600,0
ESV_383602,0
ESV_383604,0
ESV_383606,0
ESV_383608,0
ESV_385954,0
ESV_385956,0
ESV_385958,0
ESV_385960,0
ESV_385962,0
ESV_385964,0
ESV_387814,0
ESV_387816,0
ESV_387818,0
ESV_387820,0
ESV_387822,0
ESV_388800,0
ESV_388802,0
ESV_388804,0
ESV_388806,0
ESV_388808,0
ESV_388810,0
ESV_390456,0
ESV_390742,0
ESV_390962,0
ESV_391062,0
ESV_391360,0
ESV_391412,0
ESV_391506,0
ESV_391606,0
ESV_394690,0
ESV_394698,0
ESV_394702,0
ESV_394704,0
ESV_394708,0
ESV_394710,0
ESV_394712,0
ESV_394714,0
ESV_397684,0
ESV_397686,0
ESV_397688,0
ESV_397690,0
ESV_397692,0
ESV_397694,0
ESV_397698,0
ESV_397700,0
ESV_397702,0
ESV_397704,0
ESV_397706,0
ESV_397708,0
ESV_397710,0
ESV_397712,0
ESV_397714,0
ESV_397716,0
ESV_397718,0
ESV_397720,0
ESV_397722,0
ESV_398592,0
ESV_398594,0
ESV_398596,0
ESV_398598,0
ESV_398600,0
ESV_398602,0
ESV_398606,0
ESV_398608,0
ESV_398610,0
ESV_398612,0
ESV_398614,0
ESV_398616,0
ESV_398618,0
ESV_398620,0
ESV_398622,0
ESV_398624,0
ESV_398626,0
ESV_398628,0
ESV_398630,0
ESV_399684,0
ESV_399686,0
ESV_399688,0
ESV_399690,0
ESV_399692,0
ESV_399696,0
ESV_400880,0
ESV_400882,0
ESV_400884,0
ESV_400888,0
ESV_404036,0
ESV_404038,0
ESV_404040,0
ESV_404042,0
ESV_404044,0
ESV_404776,0
ESV_404784,0
ESV_404788,0
ESV_404790,0
ESV_404794,0
ESV_404796,0
ESV_404798,0
ESV_404800,0
ESV_407770,0
ESV_407772,0
ESV_407774,0
ESV_407776,0
ESV_407778,0
ESV_407780,0
ESV_407784,0
ESV_407786,0
ESV_407788,0
ESV_407790,0
ESV_407792,0
ESV_407794,0
ESV_407796,0
ESV_407798,0
ESV_407800,0
ESV_407802,0
ESV_407804,0
ESV_407806,0
ESV_407808,0
ESV_408678,0
ESV_408680,0
ESV_408682,0
ESV_408684,0
ESV_408686,0
ESV_408688,0
ESV_408692,0
ESV_408694,0
ESV_408696,0
ESV_408698,0
ESV_408700,0
ESV_408702,0
ESV_408704,0
ESV_408706,0
ESV_408708,0
ESV_408710,0
ESV_408712,0
ESV_408714,0
ESV_408716,0
ESV_409770,0
ESV_409772,0
ESV_409774,0
ESV_409776,0
ESV_409778,0
ESV_409782,0
ESV_410966,0
ESV_410968,0
ESV_410970,0
ESV_410974,0
ESV_414122,0
ESV_414124,0
ESV_414126,0
ESV_414128,0
ESV_414130,0
ESV_415080,0
ESV_415870,0
ESV_416738,0
ESV_428042,0
ESV_428044,0
ESV_431748,0
ESV_431810,0
ESV_439444,0
ESV_439446,0
ESV_443244,0
ESV_446342,0
ESV_448172,0
ESV_448174,0
ESV_448588,0
ESV_449392,0
ESV_449668,0
ESV_449670,0
ESV_449672,0
ESV_453528,0
ESV_453530,0
ESV_454750,0
ESV_455024,0
ESV_455026,0
ESV_455028,0
ESV_455030,0
ESV_458406,0
ESV_458804,0
ESV_459516,0
ESV_460664,0
ESV_461294,0
ESV_461296,0
ESV_461744,0
ESV_462146,0
ESV_462786,0
ESV_463500,0
ESV_467102,0
ESV_470922,0
ESV_475440,0
ESV_475442,0
ESV_475444,0
ESV_475448,0
ESV_475450,0
ESV_475452,0
ESV_481482,0
ESV_482116,0
ESV_482830,0
ESV_490244,0
ESV_490246,0
ESV_490250,0
ESV_494768,0
ESV_494770,0
ESV_494772,0
ESV_494776,0
ESV_494778,0
ESV_494780,0
ESV_592166,0
ESV_595820,0
ESV_595866,0
ESV_596342,0
ESV_596490,0
ESV_598680,0
ESV_600426,0
ESV_600472,0
ESV_600948,0
ESV_601096,0
ESV_603286,0
ESV_610608,0
ESV_610610,0
ESV_610612,0
ESV_610614,0
ESV_610616,0
ESV_610618,0
ESV_610620,0
ESV_610622,0
ESV_610624,0
ESV_610626,0
ESV_610628,0
ESV_610630,0
ESV_610632,0
ESV_624376,0
ESV_624378,0
ESV_624380,0
ESV_624382,0
ESV_624384,0
ESV_624386,0
ESV_624388,0
ESV_624390,0
ESV_624392,0
ESV_624394,0
ESV_624396,0
ESV_624398,0
ESV_624400,0
ESV_631908,0
ESV_632916,0
ESV_633372,0
ESV_633748,0
ESV_634424,0
ESV_634886,0
ESV_634934,0
ESV_635108,0
ESV_636542,0
ESV_638640,0
ESV_646068,0
ESV_654188,0
ESV_654190,0
ESV_654196,0
ESV_654198,0
ESV_654200,0
ESV_654202,0
ESV_654204,0
ESV_654206,0
ESV_664226,0
ESV_679736,0
ESV_679738,0
ESV_679740,0
ESV_679742,0
ESV_679744,0
ESV_679746,0
ESV_679748,0
ESV_679750,0
ESV_679752,0
ESV_679754,0
ESV_689674,0
ESV_689680,0
ESV_689734,0
ESV_691344,0
ESV_691560,0
ESV_692376,0
ESV_695372,0
ESV_715900,0
ESV_715902,0
ESV_715904,0
ESV_715906,0
ESV_715908,0
ESV_715910,0
ESV_715912,0
ESV_742464,0
ESV_742466,0
ESV_742468,0
ESV_742470,0
ESV_742472,0
ESV_742474,0
ESV_742476,0
ESV_751572,0
ESV_753018,0
ESV_754612,0
ESV_755312,0
ESV_757080,0
ESV_757780,0
ESV_759146,0
ESV_759298,0
ESV_759300,0
ESV_759302,0
ESV_762554,0
ESV_762556,0
ESV_762558,0
ESV_762560,0
ESV_762562,0
ESV_762564,0
ESV_762566,0
ESV_762570,0
ESV_762574,0
ESV_763410,0
ESV_763412,0
ESV_763414,0
ESV_763416,0
ESV_763420,0
ESV_763422,0
ESV_763424,0
ESV_763426,0
ESV_763428,0
ESV_763430,0
ESV_772956,0
ESV_772958,0
ESV_772960,0
ESV_772962,0
ESV_772964,0
ESV_776214,0
ESV_776216,0
ESV_776220,0
ESV_776222,0
ESV_776224,0
ESV_776226,0
ESV_776228,0
ESV_776232,0
ESV_776234,0
ESV_776236,0
ESV_777070,0
ESV_777072,0
ESV_777074,0
ESV_777078,0
ESV_777080,0
ESV_777082,0
ESV_777084,0
ESV_777086,0
ESV_777090,0
ESV_786178,0
ESV_787322,0
ESV_787324,0
ESV_787326,0
ESV_787328,0
ESV_787920,0
ESV_788136,0
ESV_789382,0
ESV_789384,0
ESV_789388,0
ESV_809752,0
ESV_809754,0
ESV_809758,0
ESV_809760,0
ESV_809762,0
ESV_809766,0
ESV_809768,0
ESV_809772,0
ESV_831256,0
ESV_832000,0
ESV_832092,0
ESV_850800,0
ESV_850806,0
ESV_850808,0
ESV_850810,0
ESV_850812,0
ESV_850814,0
ESV_850818,0
ESV_850820,0
ESV_850822,0
ESV_1154372,0
ESV_1154662,0
ESV_1155606,0
ESV_1159048,0
ESV_1159338,0
ESV_1264694,0
ESV_1265056,0
ESV_1265832,0
ESV_1267502,0
ESV_1269994,0
ESV_1271900,0
ESV_1275114,0
ESV_1329604,0
ESV_1329606,0
ESV_1329608,0
ESV_1329610,0
ESV_1329612,0
ESV_1329614,0
ESV_1329616,0
ESV_1329618,0
ESV_1329620,0
ESV_1329622,0
ESV_1329624,0
ESV_1329626,0
ESV_1329628,0
ESV_1329630,0
ESV_1329632,0
ESV_1329636,0
ESV_1329638,0
ESV_1329642,0
ESV_1329644,0
ESV_1329646,0
ESV_1329648,0
ESV_1329650,0
ESV_1329652,0
ESV_1329654,0
ESV_1329656,0
ESV_1329658,0
ESV_1329660,0
ESV_1329662,0
ESV_1329664,0
ESV_1329666,0
ESV_1329668,0
ESV_1329670,0
ESV_1329672,0
ESV_1329674,0
ESV_1329676,0
ESV_1329678,0
ESV_1329680,0
ESV_1329682,0
ESV_1329684,0
ESV_1329686,0
ESV_1329688,0
ESV_1329690,0
ESV_1329692,0
ESV_1329694,0
ESV_1362070,0
ESV_1362214,0
ESV_1415840,0
ESV_1415842,0
ESV_1415844,0
ESV_1415846,0
ESV_1415848,0
ESV_1415850,0
ESV_1415852,0
ESV_1415854,0
ESV_1415856,0
ESV_1415858,0
ESV_1415860,0
ESV_1415862,0
ESV_1415864,0
ESV_1415866,0
ESV_1415868,0
ESV_1415872,0
ESV_1415874,0
ESV_1415878,0
ESV_1415880,0
ESV_1415882,0
ESV_1415884,0
ESV_1415886,0
ESV_1415888,0
ESV_1415890,0
ESV_1415892,0
ESV_1415894,0
ESV_1415896,0
ESV_1415898,0
ESV_1415900,0
ESV_1415902,0
ESV_1415904,0
ESV_1415906,0
ESV_1415908,0
ESV_1415910,0
ESV_1415912,0
ESV_1415914,0
ESV_1415916,0
ESV_1415918,0
ESV_1415920,0
ESV_1415922,0
ESV_1415924,0
ESV_1415926,0
ESV_1415928,0
ESV_1415930,0
ESV_1454788,0
ESV_1516404,0
ESV_1516406,0
ESV_1516410,0
ESV_1516412,0
ESV_1516416,0
ESV_1516420,0
ESV_1516422,0
ESV_1516424,0
ESV_1516426,0
ESV_1516428,0
ESV_1516430,0
ESV_1516432,0
ESV_1516434,0
ESV_1516438,0
ESV_1516440,0
ESV_1516442,0
ESV_1516444,0
ESV_1516450,0
ESV_1516456,0
ESV_1516458,0
ESV_1516460,0
ESV_1516462,0
ESV_1516464,0
ESV_1516466,0
ESV_1516468,0
ESV_1516470,0
ESV_1516472,0
ESV_1516474,0
ESV_1516476,0
ESV_1516478,0
ESV_1516480,0
ESV_1516482,0
ESV_1516484,0
ESV_1516486,0
ESV_1516488,0
ESV_1516490,0
ESV_1516492,0
ESV_1516494,0
ESV_1516496,0
ESV_1516498,0
ESV_1516500,0
ESV_1516502,0
ESV_1597274,0
ESV_1597276,0
ESV_1597280,0
ESV_1597282,0
ESV_1597286,0
ESV_1597290,0
ESV_1597292,0
ESV_1597294,0
ESV_1597296,0
ESV_1597298,0
ESV_1597300,0
ESV_1597302,0
ESV_1597304,0
ESV_1597308,0
ESV_1597310,0
ESV_1597312,0
ESV_1597314,0
ESV_1597320,0
ESV_1597326,0
ESV_1597328,0
ESV_1597330,0
ESV_1597332,0
ESV_1597334,0
ESV_1597336,0
ESV_1597338,0
ESV_1597340,0
ESV_1597342,0
ESV_1597344,0
ESV_1597346,0
ESV_1597348,0
ESV_1597350,0
ESV_1597352,0
ESV_1597354,0
ESV_1597356,0
ESV_1597358,0
ESV_1597360,0
ESV_1597362,0
ESV_1597364,0
ESV_1597366,0
ESV_1597368,0
ESV_1597370,0
ESV_1597372,0
ESV_1637474,0
ESV_1637476,0
ESV_1637478,0
ESV_1637480,0
ESV_1637482,0
ESV_1637484,0
ESV_1637486,0
ESV_1637488,0
ESV_1637490,0
ESV_1637492,0
ESV_1637494,0
ESV_1637496,0
ESV_1637498,0
ESV_1637500,0
ESV_1637502,0
ESV_1637504,0
ESV_1637506,0
ESV_1637508,0
ESV_1637510,0
ESV_1637514,0
ESV_1637516,0
ESV_1637518,0
ESV_1637520,0
ESV_1637522,0
ESV_1678412,0
ESV_1678414,0
ESV_1678664,0
ESV_1678940,0
ESV_1678998,0
ESV_1682392,0
ESV_1682394,0
ESV_1682396,0
ESV_1682398,0
ESV_1682402,0
ESV_1682404,0
ESV_1682406,0
ESV_1682408,0
ESV_1682410,0
ESV_1682412,0
ESV_1682414,0
ESV_1682416,0
ESV_1682418,0
ESV_1682420,0
ESV_1682422,0
ESV_1682424,0
ESV_1682426,0
ESV_1682428,0
ESV_1682432,0
ESV_1682434,0
ESV_1682436,0
ESV_1682438,0
ESV_1682440,0
ESV_1723536,0
ESV_1723538,0
ESV_1723540,0
ESV_1723542,0
ESV_1723544,0
ESV_1723546,0
ESV_1728374,0
ESV_1728376,0
ESV_1728378,0
ESV_1728380,0
ESV_1728382,0
ESV_1728384,0
ESV_1781918,0
ESV_1781926,0
ESV_1781930,0
ESV_1781932,0
ESV_1781934,0
ESV_1781936,0
ESV_1781938,0
ESV_1781940,0
ESV_1781942,0
ESV_1781944,0
ESV_1781946,0
ESV_1781948,0
ESV_1781952,0
ESV_1781976,0
ESV_1781986,0
ESV_1781988,0
ESV_1781994,0
ESV_1781998,0
ESV_1782000,0
ESV_1782002,0
ESV_1782006,0
ESV_1782008,0
ESV_1782014,0
ESV_1782018,0
ESV_1782024,0
ESV_1782026,0
ESV_1782028,0
ESV_1782030,0
ESV_1782032,0
ESV_1782036,0
ESV_1782038,0
ESV_1782040,0
ESV_1782042,0
ESV_1782046,0
ESV_1782048,0
ESV_1782050,0
ESV_1782052,0
ESV_1782056,0
ESV_1782058,0
ESV_1782060,0
ESV_1782064,0
ESV_1782066,0
ESV_1782068,0
ESV_1782070,0
ESV_1782072,0
ESV_1838674,0
ESV_1838896,0
ESV_1838904,0
ESV_1838906,0
ESV_1838910,0
ESV_1838912,0
ESV_1888944,0
ESV_1888952,0
ESV_1888956,0
ESV_1888958,0
ESV_1888960,0
ESV_1888962,0
ESV_1888964,0
ESV_1888966,0
ESV_1888968,0
ESV_1888970,0
ESV_1888972,0
ESV_1888974,0
ESV_1888978,0
ESV_1889002,0
ESV_1889012,0
ESV_1889014,0
ESV_1889020,0
ESV_1889024,0
ESV_1889026,0
ESV_1889028,0
ESV_1889032,0
ESV_1889034,0
ESV_1889040,0
ESV_1889044,0
ESV_1889050,0
ESV_1889052,0
ESV_1889054,0
ESV_1889056,0
ESV_1889058,0
ESV_1889062,0
ESV_1889064,0
ESV_1889066,0
ESV_1889068,0
ESV_1889072,0
ESV_1889074,0
ESV_1889076,0
ESV_1889078,0
ESV_1889082,0
ESV_1889084,0
ESV_1889086,0
ESV_1889090,0
ESV_1889092,0
ESV_1889094,0
ESV_1889096,0
ESV_1889098,0
ESV_7428296,0
ESV_7428298,0
ESV_7428300,0
ESV_7428302,0
ESV_7428304,0
ESV_7428306,0
ESV_7428308,0
ESV_7428310,0
ESV_7428312,0
ESV_7428314,0
ESV_7428316,0
ESV_7428318,0
ESV_7428320,0
ESV_7428322,0
ESV_7428324,0
ESV_7428326,0
ESV_7428328,0
ESV_7428330,0
ESV_7428332,0
ESV_7428334,0
ESV_7428336,0
ESV_7428338,0
ESV_7428340,0
ESV_7428342,0
ESV_7428344,0
ESV_7428346,0
ESV_7428348,0
ESV_7428350,0
ESV_7428354,0
ESV_7428356,0
ESV_7428360,0
ESV_7428362,0
ESV_7428364,0
ESV_7428366,0
ESV_7428368,0
ESV_7428370,0
ESV_7428372,0
ESV_7428374,0
ESV_7428376,0
ESV_7428378,0
ESV_7428380,0
ESV_7428382,0
ESV_7428384,0
ESV_7428386,0
ESV_7428388,0
ESV_7428390,0
ESV_7428392,0
ESV_7428394,0
ESV_7428396,0
ESV_7428398,0
ESV_7428400,0
ESV_7428402,0
ESV_7428404,0
ESV_7428406,0
ESV_7428408,0
ESV_7428410,0
ESV_7428414,0
ESV_7428418,0
ESV_7428420,0
ESV_7428422,0
ESV_7428424,0
ESV_7428426,0
ESV_7428428,0
ESV_7428430,0
ESV_7428432,0
ESV_7428434,0
ESV_7428436,0
ESV_7428438,0
ESV_7428440,0
ESV_7428442,0
ESV_7428444,0
ESV_7428446,0
ESV_7428448,0
ESV_7428450,0
ESV_7428452,0
ESV_7428454,0
ESV_7428456,0
ESV_7428458,0
ESV_7428460,0
ESV_7428462,0
ESV_7428464,0
ESV_7428466,0
ESV_7428468,0
ESV_7428470,0
ESV_7428472,0
ESV_7428474,0
ESV_7428476,0
ESV_7428478,0
ESV_7428480,0
ESV_7428482,0
ESV_7428484,0
ESV_7428486,0
ESV_7428488,0
ESV_7428490,0
ESV_7428492,0
ESV_7428494,0
ESV_7428496,0
ESV_7428498,0
ESV_7428500,0
ESV_7428502,0
ESV_7428504,0
ESV_7428506,0
ESV_7428508,0
ESV_7428510,0
ESV_7428512,0
ESV_7428514,0
ESV_7428518,0
ESV_7428520,0
ESV_7428522,0
ESV_7428524,0
ESV_7428526,0
ESV_7428528,0
ESV_7428530,0
ESV_7428532,0
ESV_7428534,0
ESV_7428536,0
ESV_7428538,0
ESV_7428540,0
ESV_7428542,0
ESV_7428544,0
ESV_7428546,0
ESV_7428548,0
ESV_7428550,0
ESV_7428552,0
ESV_7428556,0
ESV_7428558,0
ESV_7428560,0
ESV_7428562,0
ESV_7428564,0
ESV_7428566,0
ESV_7428568,0
ESV_7428570,0
ESV_7428572,0
ESV_7428578,0
ESV_7428580,0
ESV_7428582,0
ESV_7428584,0
ESV_7428586,0
ESV_7428588,0
ESV_7428590,0
ESV_7428592,0
ESV_7428594,0
ESV_7428596,0
ESV_7428598,0
ESV_7428600,0
ESV_7428602,0
ESV_7428604,0
ESV_7428606,0
ESV_7428608,0
ESV_7428612,0
ESV_7428614,0
ESV_7428616,0
ESV_7428618,0
ESV_7428620,0
ESV_7428622,0
ESV_7428624,0
ESV_7428626,0
ESV_7428628,0
ESV_7428630,0
ESV_7428632,0
ESV_7428634,0
ESV_7428636,0
ESV_7428642,0
ESV_7428644,0
ESV_7428646,0
ESV_7428648,0
ESV_7428650,0
ESV_7428652,0
ESV_7428654,0
ESV_7428658,0
ESV_7428660,0
ESV_7428664,0
ESV_7428666,0
ESV_7428668,0
ESV_7428670,0
ESV_7428672,0
ESV_7428676,0
ESV_7428678,0
ESV_7428680,0
ESV_7428682,0
ESV_7428686,0
ESV_7428688,0
ESV_7428690,0
ESV_7428692,0
ESV_7428694,0
ESV_7428696,0
ESV_7428698,0
ESV_7428700,0
ESV_7428702,0
ESV_7428704,0
ESV_7428706,0
ESV_7428708,0
ESV_7428710,0
ESV_7428712,0
ESV_7428714,0
ESV_7428718,0
ESV_7428720,0
ESV_7428722,0
ESV_7428724,0
ESV_7428726,0
ESV_7428728,0
ESV_7428730,0
ESV_7428732,0
ESV_7428734,0
ESV_7428736,0
ESV_7428738,0
ESV_7428740,0
ESV_7428744,0
ESV_7428746,0
ESV_7428750,0
ESV_7428752,0
ESV_7428754,0
ESV_7428756,0
ESV_7428758,0
ESV_7428760,0
ESV_7428764,0
ESV_7428766,0
ESV_7428768,0
ESV_7428770,0
ESV_7428772,0
ESV_7428774,0
ESV_7428776,0
ESV_7428778,0
ESV_7428782,0
ESV_7428784,0
ESV_7428786,0
ESV_7428788,0
ESV_7428790,0
ESV_7428792,0
ESV_7428796,0
ESV_7428798,0
ESV_7428800,0
ESV_7428802,0
ESV_7428804,0
ESV_7428806,0
ESV_7428808,0
ESV_7428810,0
ESV_7428812,0
ESV_7428814,0
ESV_7428816,0
ESV_7428818,0
ESV_7428820,0
ESV_7428822,0
ESV_7428824,0
ESV_7428826,0
ESV_7428828,0
ESV_7428830,0
ESV_7428832,0
ESV_7428834,0
ESV_7428836,0
ESV_7428838,0
ESV_7428840,0
ESV_7428842,0
ESV_7428844,0
ESV_7428846,0
ESV_7428848,0
ESV_7428850,0
ESV_7428852,0
ESV_7428854,0
ESV_7428856,0
ESV_7428858,0
ESV_7428860,0
ESV_7428862,0
ESV_7428864,0
ESV_7428866,0
ESV_7428868,0
ESV_7428870,0
ESV_7428872,0
ESV_7428874,0
ESV_7428876,0
ESV_7428878,0
ESV_7428880,0
ESV_7428882,0
ESV_7428884,0
ESV_7428888,0
ESV_7428890,0
ESV_7428892,0
ESV_7428894,0
ESV_7428896,0
ESV_7428898,0
ESV_7428900,0
ESV_7428902,0
ESV_7428904,0
ESV_7428906,0
ESV_7428908,0
ESV_7428910,0
ESV_7428912,0
ESV_7428914,0
ESV_7428916,0
ESV_7428918,0
ESV_7428920,0
ESV_7428922,0
ESV_7428924,0
ESV_7428926,0
ESV_7428928,0
ESV_7428930,0
ESV_7428932,0
ESV_7780000,0
ESV_7780002,0
ESV_7780006,0
ESV_7780008,0
ESV_7780010,0
ESV_7780012,0
ESV_7780014,0
ESV_7780018,0
ESV_7780020,0
ESV_7780022,0
ESV_7780024,0
ESV_7780026,0
ESV_7780028,0
ESV_7780030,0
ESV_7780032,0
ESV_7780034,0
ESV_7780036,0
ESV_7780040,0
ESV_7780042,0
ESV_7780046,0
ESV_7780048,0
ESV_7780052,0
ESV_7780056,0
ESV_7780058,0
ESV_7780060,0
ESV_7780062,0
ESV_7780064,0
ESV_7780066,0
ESV_7780068,0
ESV_7780070,0
ESV_7780072,0
ESV_7780074,0
ESV_7780076,0
ESV_7780078,0
ESV_7780080,0
ESV_7780082,0
ESV_7780084,0
ESV_7780086,0
ESV_7780088,0
ESV_7780090,0
ESV_7780094,0
ESV_7780096,0
ESV_7780098,0
ESV_7780100,0
ESV_7780104,0
ESV_7780106,0
ESV_7780108,0
ESV_7780110,0
ESV_7780112,0
ESV_7780114,0
ESV_7780116,0
ESV_7780118,0
ESV_7780120,0
ESV_7780122,0
ESV_7780124,0
ESV_7780126,0
ESV_7780128,0
ESV_7780130,0
ESV_7780132,0
ESV_7780134,0
ESV_7780136,0
ESV_7780138,0
ESV_7780140,0
ESV_7780142,0
ESV_7780144,0
ESV_7780146,0
ESV_7780148,0
ESV_7780150,0
ESV_7780152,0
ESV_7780154,0
ESV_7780156,0
ESV_7780160,0
ESV_7780164,0
ESV_7780166,0
ESV_7780168,0
ESV_7780172,0
ESV_7780174,0
ESV_7780176,0
ESV_7780178,0
ESV_7780180,0
ESV_7780182,0
ESV_7780184,0
ESV_7780186,0
ESV_7780188,0
ESV_7780190,0
ESV_7780192,0
ESV_7780194,0
ESV_7780196,0
ESV_7780198,0
ESV_7780200,0
ESV_7780202,0
ESV_7780204,0
ESV_7780206,0
ESV_7780208,0
ESV_7780210,0
ESV_7780212,0
ESV_7780214,0
ESV_7780216,0
ESV_7780220,0
ESV_7780222,0
ESV_7780224,0
ESV_7780228,0
ESV_7780230,0
ESV_7780232,0
ESV_7780234,0
ESV_7780236,0
ESV_7780238,0
ESV_7780240,0
ESV_7780242,0
ESV_7780244,0
ESV_7780246,0
ESV_7780248,0
ESV_7780252,0
ESV_7780254,0
ESV_7780256,0
ESV_7780258,0
ESV_7780260,0
ESV_7780262,0
ESV_7780264,0
ESV_7780266,0
ESV_7780270,0
ESV_7780272,0
ESV_7780274,0
ESV_7780276,0
ESV_7780278,0
ESV_7780280,0
ESV_7780282,0
ESV_7780284,0
ESV_7780286,0
ESV_7780288,0
ESV_7780290,0
ESV_7780292,0
ESV_7780294,0
ESV_7780296,0
ESV_7780298,0
ESV_7780300,0
ESV_7780302,0
ESV_7780304,0
ESV_7780306,0
ESV_7780308,0
ESV_7780310,0
ESV_7780312,0
ESV_7780314,0
ESV_7780316,0
ESV_7780318,0
ESV_7780320,0
ESV_7780322,0
ESV_7780324,0
ESV_7780328,0
ESV_7780330,0
ESV_7780332,0
ESV_7780334,0
ESV_7780336,0
ESV_7780338,0
ESV_7780340,0
ESV_7780342,0
ESV_7780344,0
ESV_7780346,0
ESV_7780348,0
ESV_7780350,0
ESV_7780352,0
ESV_7780354,0
ESV_7780356,0
ESV_7780358,0
ESV_7780360,0
ESV_7780362,0
ESV_7780364,0
ESV_7780366,0
ESV_7780368,0
ESV_7780370,0
ESV_7780372,0
ESV_7780374,0
ESV_7780380,0
ESV_7780382,0
ESV_7780384,0
ESV_7780386,0
ESV_7780388,0
ESV_7780394,0
ESV_7780396,0
ESV_7780398,0
ESV_7780400,0
ESV_7780402,0
ESV_7780404,0
ESV_7780406,0
ESV_7780408,0
ESV_7780410,0
ESV_7780412,0
ESV_7780414,0
ESV_7780416,0
ESV_7780418,0
ESV_7780420,0
ESV_7780422,0
ESV_7780426,0
ESV_7780428,0
ESV_7780430,0
ESV_7780432,0
ESV_7780434,0
ESV_7780436,0
ESV_7780438,0
ESV_7780440,0
ESV_7780442,0
ESV_7780446,0
ESV_7780448,0
ESV_7780450,0
ESV_7780452,0
ESV_7780454,0
ESV_7780458,0
ESV_7780460,0
ESV_7780464,0
ESV_7780466,0
ESV_7780468,0
ESV_7780470,0
ESV_7780472,0
ESV_7780474,0
ESV_7780476,0
ESV_7780478,0
ESV_7780480,0
ESV_7780482,0
ESV_7780484,0
ESV_7780488,0
ESV_7780490,0
ESV_7780492,0
ESV_7780494,0
ESV_7780496,0
ESV_7780500,0
ESV_7780504,0
ESV_7780506,0
ESV_7780508,0
ESV_7780510,0
ESV_7780512,0
ESV_7780514,0
ESV_7780516,0
ESV_7780518,0
ESV_7780520,0
ESV_7780522,0
ESV_7780524,0
ESV_7780528,0
ESV_7780530,0
ESV_7780532,0
ESV_7780534,0
ESV_7780536,0
ESV_7780538,0
ESV_7780540,0
ESV_7780544,0
ESV_7780546,0
ESV_7780548,0
ESV_7780550,0
ESV_7780552,0
ESV_7780554,0
ESV_7780556,0
ESV_7780558,0
ESV_7780560,0
ESV_7780562,0
ESV_7780564,0
ESV_7780566,0
ESV_7780568,0
ESV_7780570,0
ESV_7780572,0
ESV_7780574,0
ESV_7780576,0
ESV_7780578,0
ESV_7780580,0
ESV_7780582,0
ESV_7780584,0
ESV_7780586,0
ESV_7780588,0
ESV_7780590,0
ESV_7780592,0
ESV_7780598,0
ESV_456,-2.220446049250313e-19
ESV_1292,-1.3250517598342172e-6
ESV_1044,-2.6275174101257904e-6
ESV_1324,-3.3333333333336323e-6
ESV_786,-3.6231884057968954e-6
ESV_5340,-6.410256410256388e-6
ESV_266,-6.9565217391303054e-6
ESV_14984,-7.575757575757791e-6
ESV_838,-8.83940620782675e-6
ESV_10744,-1.0033444816053505e-5
ESV_1722,-1.3913043478260834e-5
ESV_1072,-1.4354066985645897e-5
ESV_12188,-1.933723196881121e-5
ESV_1732,-1.9480519480519432e-5
ESV_4958,-4.0125391849529454e-5
ESV_684,-4.434092477570739e-5
ESV_174,-4.477004477004498e-5
ESV_19156,-5.291005291005302e-5
ESV_4348,-5.291104338291297e-5
ESV_884,-5.5900621118012414e-5
ESV_14466,-5.6680161943319926e-5
ESV_2944,-5.9780219780219747e-05
ESV_438,-6.25e-5
ESV_1714,-6.476190476190458e-5
ESV_7430,-6.896551724137923e-5
ESV_8804,-6.896551724137923e-5
ESV_6488,-6.90909090909091e-5
ESV_712,-7.142857142857118e-5
ESV_1484,-7.142857142857118e-5
ESV_1630,-7.142857142857118e-5
ESV_24620,-7.142857142857118e-5
ESV_58,-7.14285714285714e-5
ESV_144,-7.14285714285714e-5
ESV_842,-7.14285714285714e-5
ESV_1118,-7.14285714285714e-5
ESV_2500,-7.14285714285714e-5
ESV_2610,-7.14285714285714e-5
ESV_2654,-7.14285714285714e-5
ESV_4576,-7.14285714285714e-5
ESV_9232,-7.14285714285714e-5
ESV_10576,-7.14285714285714e-5
ESV_31606,-7.14285714285714e-5
ESV_272870,-7.14285714285714e-5
ESV_162,-7.142857142857162e-5
ESV_6054,-7.142857142857162e-5
ESV_38812,-7.142857142857162e-5
ESV_443394,-7.142857142857162e-5
ESV_254,-7.407407407407418e-5
ESV_282,-7.407407407407418e-5
ESV_342,-7.407407407407418e-5
ESV_2430,-7.407407407407418e-5
ESV_20214,-7.517120560598789e-5
ESV_2140,-7.57575757575759e-5
ESV_96,-7.692307692307687e-5
ESV_286,-7.692307692307687e-5
ESV_592,-7.692307692307687e-5
ESV_1772,-7.692307692307687e-5
ESV_2132,-7.692307692307687e-5
ESV_2164,-7.692307692307687e-5
ESV_2530,-7.692307692307687e-5
ESV_2578,-7.692307692307687e-5
ESV_3836,-7.692307692307687e-5
ESV_5326,-7.692307692307687e-5
ESV_5832,-7.692307692307687e-5
ESV_6240,-7.692307692307687e-5
ESV_6494,-7.692307692307687e-5
ESV_6792,-7.692307692307687e-5
ESV_7060,-7.692307692307687e-5
ESV_12636,-7.692307692307687e-5
ESV_14958,-7.692307692307687e-5
ESV_20090,-7.692307692307687e-5
ESV_21926,-7.692307692307687e-5
ESV_33286,-7.692307692307687e-5
ESV_44454,-7.692307692307687e-5
ESV_59002,-7.692307692307687e-5
ESV_234,-7.692307692307709e-5
ESV_5642,-7.692307692307709e-5
ESV_9638,-7.692307692307709e-5
ESV_2400,-7.971014492753614e-5
ESV_1370,-7.999999999999984e-5
ESV_1830,-7.999999999999984e-5
ESV_3226,-7.999999999999984e-5
ESV_510,-8.000000000000007e-5
ESV_600,-8.000000000000007e-5
ESV_1846,-8.000000000000007e-5
ESV_3734,-8.000000000000007e-5
ESV_4990,-8.000000000000007e-5
ESV_11248,-8.000000000000007e-5
ESV_14572,-8.000000000000007e-5
ESV_16626,-8.000000000000007e-5
ESV_16950,-8.000000000000007e-5
ESV_39340,-8.000000000000007e-5
ESV_43560,-8.000000000000007e-5
ESV_67674,-8.000000000000007e-5
ESV_41208,-8.169336384439375e-5
ESV_7434,-8.259194996037089e-5
ESV_772,-8.300395256916971e-5
ESV_192,-8.333333333333303e-5
ESV_414,-8.333333333333303e-5
ESV_4264,-8.333333333333303e-5
ESV_6678,-8.333333333333303e-5
ESV_8,-8.333333333333326e-5
ESV_508,-8.333333333333326e-5
ESV_550,-8.333333333333326e-5
ESV_1080,-8.333333333333326e-5
ESV_2306,-8.333333333333326e-5
ESV_7918,-8.333333333333326e-5
ESV_14266,-8.333333333333326e-5
ESV_20316,-8.333333333333326e-5
ESV_267380,-8.333333333333326e-5
ESV_44,-8.333333333333348e-5
ESV_284,-8.333333333333348e-5
ESV_1086,-8.333333333333348e-5
ESV_2546,-8.333333333333348e-5
ESV_3394,-8.333333333333348e-5
ESV_3400,-8.333333333333348e-5
ESV_5906,-8.333333333333348e-5
ESV_18766,-8.333333333333348e-5
ESV_20900,-8.333333333333348e-5
ESV_22042,-8.333333333333348e-5
ESV_22564,-8.333333333333348e-5
ESV_27992,-8.333333333333348e-5
ESV_35158,-8.333333333333348e-5
ESV_47224,-8.333333333333348e-5
ESV_62786,-8.333333333333348e-5
ESV_92890,-8.333333333333348e-5
ESV_480764,-8.333333333333348e-5
ESV_28,-8.547008547008517e-5
ESV_1234,-8.592592592592597e-5
ESV_216,-8.695652173913037e-5
ESV_478,-8.695652173913037e-5
ESV_1242,-8.695652173913037e-5
ESV_2366,-8.695652173913037e-5
ESV_2994,-8.695652173913037e-5
ESV_8078,-8.695652173913037e-5
ESV_9832,-8.695652173913037e-5
ESV_16050,-8.695652173913037e-5
ESV_18222,-8.695652173913037e-5
ESV_21820,-8.695652173913037e-5
ESV_22786,-8.695652173913037e-5
ESV_58134,-8.695652173913037e-5
ESV_66656,-8.695652173913037e-5
ESV_380,-8.69565217391306e-5
ESV_18752,-8.69565217391306e-5
ESV_19520,-8.974358974358964e-5
ESV_148,-9.090909090909082e-5
ESV_328,-9.090909090909082e-5
ESV_474,-9.090909090909082e-5
ESV_852,-9.090909090909082e-5
ESV_986,-9.090909090909082e-5
ESV_1098,-9.090909090909082e-5
ESV_2008,-9.090909090909082e-5
ESV_3554,-9.090909090909082e-5
ESV_10710,-9.090909090909082e-5
ESV_12934,-9.090909090909082e-5
ESV_19088,-9.090909090909082e-5
ESV_29034,-9.090909090909082e-5
ESV_33260,-9.090909090909082e-5
ESV_37436,-9.090909090909082e-5
ESV_51228,-9.090909090909082e-5
ESV_59400,-9.090909090909082e-5
ESV_209356,-9.090909090909082e-5
ESV_1238,-9.090909090909105e-5
ESV_1300,-9.523809523809512e-5
ESV_5004,-9.523809523809512e-5
ESV_12604,-9.523809523809512e-5
ESV_24326,-9.523809523809512e-5
ESV_89850,-9.523809523809512e-5
ESV_117758,-9.523809523809512e-5
ESV_726,-9.523809523809535e-5
ESV_1534,-9.523809523809535e-5
ESV_1982,-9.523809523809535e-5
ESV_52964,-9.523809523809535e-5
ESV_16416,-9.999999999999987e-5
ESV_200,-1.0000000000000009e-4
ESV_538,-1.0000000000000009e-4
ESV_214760,-1.0000000000000009e-4
ESV_524,-1.0248447204968958e-4
ESV_404,-1.0526315789473694e-4
ESV_500,-1.0526315789473694e-4
ESV_902,-1.0526315789473694e-4
ESV_1986,-1.0526315789473694e-4
ESV_2268,-1.0526315789473694e-4
ESV_4276,-1.0526315789473694e-4
ESV_6368,-1.0526315789473694e-4
ESV_7062,-1.0526315789473694e-4
ESV_14708,-1.0526315789473717e-4
ESV_514,-1.0563121089436911e-4
ESV_26708,-1.1111111111111116e-4
ESV_7932,-1.1961722488038285e-4
ESV_1784,-1.2692307692307715e-4
ESV_8840,-1.3793103448275868e-4
ESV_1461928,-1.3793103448275868e-4
ESV_112,-1.379310344827589e-4
ESV_316,-1.428571428571428e-4
ESV_582,-1.428571428571428e-4
ESV_5968,-1.428571428571428e-4
ESV_16890,-1.428571428571428e-4
ESV_20428,-1.428571428571428e-4
ESV_41910,-1.428571428571428e-4
ESV_700,-1.42857142857143e-4
ESV_166,-1.4550264550264536e-4
ESV_1770,-1.4814814814814815e-4
ESV_12224,-1.4814814814814815e-4
ESV_68700,-1.4814814814814836e-4
ESV_3172,-1.4909090909090916e-4
ESV_184,-1.5384615384615374e-4
ESV_1734,-1.5384615384615374e-4
ESV_2584,-1.5384615384615374e-4
ESV_6166,-1.5384615384615374e-4
ESV_10388,-1.5384615384615374e-4
ESV_22702,-1.5384615384615374e-4
ESV_90656,-1.5384615384615374e-4
ESV_97432,-1.5384615384615374e-4
ESV_1226,-1.5384615384615396e-4
ESV_1616,-1.5384615384615396e-4
ESV_1648,-1.5384615384615396e-4
ESV_1702,-1.5384615384615396e-4
ESV_2426,-1.5384615384615396e-4
ESV_3194,-1.5384615384615396e-4
ESV_8368,-1.5384615384615396e-4
ESV_15612,-1.5384615384615396e-4
ESV_26810,-1.5384615384615396e-4
ESV_72802,-1.5555555555555567e-4
ESV_110,-1.587267904509284e-4
ESV_196,-1.5999999999999993e-4
ESV_1954,-1.5999999999999993e-4
ESV_5466,-1.5999999999999993e-4
ESV_7478,-1.5999999999999993e-4
ESV_10812,-1.5999999999999993e-4
ESV_38782,-1.5999999999999993e-4
ESV_132334,-1.5999999999999993e-4
ESV_591210,-1.5999999999999993e-4
ESV_8238,-1.6000000000000015e-4
ESV_16562,-1.6000000000000015e-4
ESV_594716,-1.6000000000000015e-4
ESV_2,-1.6000000000000037e-4
ESV_3416,-1.620879120879122e-4
ESV_5738,-1.6333333333333355e-4
ESV_29174,-1.6387959866220726e-4
ESV_702,-1.647869674185467e-4
ESV_1640,-1.6666666666666653e-4
ESV_2814,-1.6666666666666653e-4
ESV_5550,-1.6666666666666653e-4
ESV_14532,-1.6666666666666653e-4
ESV_25812,-1.6666666666666653e-4
ESV_74644,-1.6666666666666653e-4
ESV_388,-1.6666666666666674e-4
ESV_2024,-1.6666666666666674e-4
ESV_8852,-1.6666666666666674e-4
ESV_248,-1.6666666666666696e-4
ESV_278,-1.6721293199554088e-4
ESV_28160,-1.699604743083003e-4
ESV_934,-1.7028985507246385e-4
ESV_1376,-1.7028985507246385e-4
ESV_626,-1.7311036789297664e-4
ESV_350,-1.7391304347826075e-4
ESV_2190,-1.7391304347826075e-4
ESV_2690,-1.7391304347826075e-4
ESV_23534,-1.7391304347826075e-4
ESV_54330,-1.7391304347826075e-4
ESV_61960,-1.7391304347826075e-4
ESV_70,-1.7391304347826096e-4
ESV_136,-1.7391304347826096e-4
ESV_170,-1.7391304347826096e-4
ESV_1024,-1.7391304347826096e-4
ESV_1806,-1.7391304347826096e-4
ESV_2370,-1.7391304347826096e-4
ESV_5394,-1.7391304347826096e-4
ESV_5764,-1.7391304347826096e-4
ESV_6264,-1.7391304347826096e-4
ESV_14746,-1.7391304347826096e-4
ESV_28076,-1.7391304347826096e-4
ESV_30848,-1.7391304347826096e-4
ESV_39762,-1.7391304347826096e-4
ESV_73140,-1.7391304347826096e-4
ESV_102,-1.7910408432147574e-4
ESV_1196,-1.8181818181818164e-4
ESV_1406,-1.8181818181818164e-4
ESV_1532,-1.8181818181818164e-4
ESV_3550,-1.8181818181818164e-4
ESV_6260,-1.8181818181818164e-4
ESV_39642,-1.8181818181818164e-4
ESV_912,-1.818181818181819e-4
ESV_1542,-1.818181818181819e-4
ESV_2644,-1.818181818181819e-4
ESV_22928,-1.818181818181819e-4
ESV_56892,-1.818181818181819e-4
ESV_68142,-1.818181818181819e-4
ESV_95570,-1.818181818181819e-4
ESV_14294,-1.818181818181821e-4
ESV_458,-1.8711755233494375e-4
ESV_14082,-1.885964912280702e-4
ESV_3216,-1.9047619047619024e-4
ESV_142,-1.9047619047619045e-4
ESV_306,-1.9047619047619045e-4
ESV_858,-1.9047619047619045e-4
ESV_1326,-1.9047619047619045e-4
ESV_3826,-1.9047619047619045e-4
ESV_4692,-1.9047619047619045e-4
ESV_18056,-1.9047619047619045e-4
ESV_1434,-1.904761904761907e-4
ESV_31520,-1.904761904761907e-4
ESV_198,-1.9090909090909092e-4
ESV_314,-1.9221967963386756e-4
ESV_330,-1.9304347826086966e-4
ESV_21656,-1.9310600832339974e-4
ESV_364,-1.9354838709677446e-4
ESV_926,-1.9523809523809522e-4
ESV_794,-1.9567099567099544e-4
ESV_9138,-1.9806763285024133e-4
ESV_676,-1.9999999999999996e-4
ESV_1618,-1.9999999999999996e-4
ESV_10392,-1.9999999999999996e-4
ESV_28166,-1.9999999999999996e-4
ESV_7280,-2.068965517241379e-4
ESV_264,-2.1052631578947367e-4
ESV_5426,-2.1052631578947367e-4
ESV_6780,-2.1986166007905106e-4
ESV_4988,-2.2123513315329201e-4
ESV_568,-2.222222222222221e-4
ESV_8004,-2.2222222222222231e-4
ESV_8444,-2.2222222222222231e-4
ESV_3326,-2.2619047619047627e-4
ESV_992,-2.2814814814814798e-4
ESV_7610,-2.2981366459627316e-4
ESV_1216,-2.3076923076923063e-4
ESV_4496,-2.369230769230768e-4
ESV_2740,-2.3793103448275875e-4
ESV_10644,-2.4080267558528412e-4
ESV_4386,-2.430434782608697e-4
ESV_13404,-2.4338624338624326e-4
ESV_868,-2.4358974358974338e-4
ESV_468,-2.444444444444445e-4
ESV_161822,-2.447552447552446e-4
ESV_41148,-2.44755244755245e-4
ESV_41124,-2.4666666666666657e-4
ESV_15030,-2.469565217391303e-4
ESV_952,-2.472129319955407e-4
ESV_606,-2.490842490842489e-4
ESV_434,-2.5e-4
ESV_161760,-2.5e-4
ESV_808,-2.500000000000002e-4
ESV_12560,-2.500000000000002e-4
ESV_6110,-2.508361204013376e-4
ESV_3552,-2.5090909090909075e-4
ESV_2770,-2.5090909090909097e-4
ESV_52,-2.5724637681159444e-4
ESV_61850,-2.578656126482215e-4
ESV_7724,-2.6086956521739134e-4
ESV_304,-2.6181818181818196e-4
ESV_1642,-2.6225108225108216e-4
ESV_4418,-2.6482213438735157e-4
ESV_8430,-2.7047619047619056e-4
ESV_752,-2.7272727272727247e-4
ESV_90,-2.727272727272727e-4
ESV_338,-2.727272727272727e-4
ESV_80,-2.857142857142856e-4
ESV_5818,-2.857142857142856e-4
ESV_6652,-2.8821178821178807e-4
ESV_31500,-2.905263157894735e-4
ESV_14530,-2.9100529100529093e-4
ESV_134,-2.933333333333332e-4
ESV_362,-2.962962962962965e-4
ESV_2502,-2.9670329670329675e-4
ESV_3578,-2.9748283752860426e-4
ESV_7334,-3.0000000000000003e-4
ESV_12,-3.009523809523813e-4
ESV_622,-3.0099438319117943e-4
ESV_4332,-3.0181818181818174e-4
ESV_2710,-3.0459770114942496e-4
ESV_358,-3.05764411027569e-4
ESV_946,-3.076923076923077e-4
ESV_3950,-3.076923076923077e-4
ESV_3304,-3.091787439613527e-4
ESV_1418,-3.138461538461541e-4
ESV_594018,-3.157894736842104e-4
ESV_21164,-3.1772575250836143e-4
ESV_1424,-3.200000000000001e-4
ESV_31660,-3.200000000000003e-4
ESV_256,-3.202564102564107e-4
ESV_126,-3.2051282051282046e-4
ESV_34,-3.257575757575759e-4
ESV_7876,-3.338461538461539e-4
ESV_4814,-3.356643356643354e-4
ESV_138,-3.398268398268398e-4
ESV_1874,-3.571428571428572e-4
ESV_360,-3.571428571428574e-4
ESV_2850,-3.574327122153207e-4
ESV_1494,-3.6363636363636356e-4
ESV_1498,-3.6437246963562744e-4
ESV_132,-3.7725491730068386e-4
ESV_194,-3.9139588100686496e-4
ESV_746,-3.946488294314381e-4
ESV_38,-3.999999999999999e-4
ESV_32,-4.0076923076923097e-4
ESV_75374,-4.04040404040404e-4
ESV_750,-4.066666666666665e-4
ESV_48,-4.108948869589597e-4
ESV_2668,-4.2372442372442355e-4
ESV_30,-4.255279503105587e-4
ESV_24598,-4.3478260869565257e-4
ESV_2112,-4.387351778656128e-4
ESV_2234,-4.405797101449276e-4
ESV_172,-4.454664328806206e-4
ESV_3490,-4.584438549955794e-4
ESV_578,-4.5999999999999974e-4
ESV_24,-4.830641821946169e-4
ESV_520,-4.8717948717948747e-4
ESV_5344,-5.184057971014491e-4
ESV_232,-5.263157894736841e-4
ESV_1684,-5.333333333333335e-4
ESV_50,-5.87838827838828e-4
ESV_5320,-5.92276144907724e-4
ESV_11182,-6.083916083916084e-4
ESV_662,-6.168831168831168e-4
ESV_10,-8.239299830604172e-4
ESV_2058,-8.375891419369674e-4
