"feature","prev_GT_present","prev_GT_absent","prev_diff","abs_prev_diff","fisher_p","n_detected_present","n_detected_absent","n_total_present","n_total_absent"
"ESV_18232",0,0.0555555555555556,-0.0555555555555556,0.0555555555555556,0.498076923076923,0,2,29,36
"ESV_57492",0,0.0555555555555556,-0.0555555555555556,0.0555555555555556,0.498076923076923,0,2,29,36
"ESV_13840",0.0344827586206897,0,0.0344827586206897,0.0344827586206897,0.446153846153846,1,0,29,36
"ESV_28964",0.0344827586206897,0,0.0344827586206897,0.0344827586206897,0.446153846153846,1,0,29,36
"ESV_29006",0.0344827586206897,0,0.0344827586206897,0.0344827586206897,0.446153846153846,1,0,29,36
"ESV_29466",0.0344827586206897,0,0.0344827586206897,0.0344827586206897,0.446153846153846,1,0,29,36
"ESV_29482",0.0344827586206897,0,0.0344827586206897,0.0344827586206897,0.446153846153846,1,0,29,36
"ESV_47638",0.0344827586206897,0,0.0344827586206897,0.0344827586206897,0.446153846153846,1,0,29,36
"ESV_108424",0.0344827586206897,0,0.0344827586206897,0.0344827586206897,0.446153846153846,1,0,29,36
"ESV_121662",0.0344827586206897,0,0.0344827586206897,0.0344827586206897,0.446153846153846,1,0,29,36
"ESV_122302",0.0344827586206897,0,0.0344827586206897,0.0344827586206897,0.446153846153846,1,0,29,36
"ESV_145878",0.0344827586206897,0,0.0344827586206897,0.0344827586206897,0.446153846153846,1,0,29,36
"ESV_224936",0.0344827586206897,0,0.0344827586206897,0.0344827586206897,0.446153846153846,1,0,29,36
"ESV_243060",0.0344827586206897,0,0.0344827586206897,0.0344827586206897,0.446153846153846,1,0,29,36
"ESV_291688",0.0344827586206897,0,0.0344827586206897,0.0344827586206897,0.446153846153846,1,0,29,36
"ESV_303902",0.0344827586206897,0,0.0344827586206897,0.0344827586206897,0.446153846153846,1,0,29,36
"ESV_306536",0.0344827586206897,0,0.0344827586206897,0.0344827586206897,0.446153846153846,1,0,29,36
"ESV_361076",0.0344827586206897,0,0.0344827586206897,0.0344827586206897,0.446153846153846,1,0,29,36
"ESV_396196",0.0344827586206897,0,0.0344827586206897,0.0344827586206897,0.446153846153846,1,0,29,36
"ESV_406282",0.0344827586206897,0,0.0344827586206897,0.0344827586206897,0.446153846153846,1,0,29,36
"ESV_464896",0.0344827586206897,0,0.0344827586206897,0.0344827586206897,0.446153846153846,1,0,29,36
"ESV_475296",0.0344827586206897,0,0.0344827586206897,0.0344827586206897,0.446153846153846,1,0,29,36
"ESV_479488",0.0344827586206897,0,0.0344827586206897,0.0344827586206897,0.446153846153846,1,0,29,36
"ESV_486226",0.0344827586206897,0,0.0344827586206897,0.0344827586206897,0.446153846153846,1,0,29,36
"ESV_492284",0.0344827586206897,0,0.0344827586206897,0.0344827586206897,0.446153846153846,1,0,29,36
"ESV_494624",0.0344827586206897,0,0.0344827586206897,0.0344827586206897,0.446153846153846,1,0,29,36
"ESV_498816",0.0344827586206897,0,0.0344827586206897,0.0344827586206897,0.446153846153846,1,0,29,36
"ESV_571764",0.0344827586206897,0,0.0344827586206897,0.0344827586206897,0.446153846153846,1,0,29,36
"ESV_576500",0.0344827586206897,0,0.0344827586206897,0.0344827586206897,0.446153846153846,1,0,29,36
"ESV_664118",0.0344827586206897,0,0.0344827586206897,0.0344827586206897,0.446153846153846,1,0,29,36
"ESV_688040",0.0344827586206897,0,0.0344827586206897,0.0344827586206897,0.446153846153846,1,0,29,36
"ESV_691100",0.0344827586206897,0,0.0344827586206897,0.0344827586206897,0.446153846153846,1,0,29,36
"ESV_814248",0.0344827586206897,0,0.0344827586206897,0.0344827586206897,0.446153846153846,1,0,29,36
"ESV_814336",0.0344827586206897,0,0.0344827586206897,0.0344827586206897,0.446153846153846,1,0,29,36
"ESV_820296",0.0344827586206897,0,0.0344827586206897,0.0344827586206897,0.446153846153846,1,0,29,36
"ESV_820460",0.0344827586206897,0,0.0344827586206897,0.0344827586206897,0.446153846153846,1,0,29,36
"ESV_828200",0.0344827586206897,0,0.0344827586206897,0.0344827586206897,0.446153846153846,1,0,29,36
"ESV_861134",0.0344827586206897,0,0.0344827586206897,0.0344827586206897,0.446153846153846,1,0,29,36
"ESV_861466",0.0344827586206897,0,0.0344827586206897,0.0344827586206897,0.446153846153846,1,0,29,36
"ESV_869248",0.0344827586206897,0,0.0344827586206897,0.0344827586206897,0.446153846153846,1,0,29,36
"ESV_979544",0.0344827586206897,0,0.0344827586206897,0.0344827586206897,0.446153846153846,1,0,29,36
"ESV_979824",0.0344827586206897,0,0.0344827586206897,0.0344827586206897,0.446153846153846,1,0,29,36
"ESV_980018",0.0344827586206897,0,0.0344827586206897,0.0344827586206897,0.446153846153846,1,0,29,36
"ESV_1018572",0.0344827586206897,0,0.0344827586206897,0.0344827586206897,0.446153846153846,1,0,29,36
"ESV_1069218",0.0344827586206897,0,0.0344827586206897,0.0344827586206897,0.446153846153846,1,0,29,36
"ESV_1069498",0.0344827586206897,0,0.0344827586206897,0.0344827586206897,0.446153846153846,1,0,29,36
"ESV_1069692",0.0344827586206897,0,0.0344827586206897,0.0344827586206897,0.446153846153846,1,0,29,36
"ESV_1108246",0.0344827586206897,0,0.0344827586206897,0.0344827586206897,0.446153846153846,1,0,29,36
"ESV_1154124",0.0344827586206897,0,0.0344827586206897,0.0344827586206897,0.446153846153846,1,0,29,36
"ESV_1289516",0.0344827586206897,0,0.0344827586206897,0.0344827586206897,0.446153846153846,1,0,29,36
"ESV_1289848",0.0344827586206897,0,0.0344827586206897,0.0344827586206897,0.446153846153846,1,0,29,36
"ESV_1375752",0.0344827586206897,0,0.0344827586206897,0.0344827586206897,0.446153846153846,1,0,29,36
"ESV_1376084",0.0344827586206897,0,0.0344827586206897,0.0344827586206897,0.446153846153846,1,0,29,36
"ESV_1501064",0.0344827586206897,0,0.0344827586206897,0.0344827586206897,0.446153846153846,1,0,29,36
"ESV_1502542",0.0344827586206897,0,0.0344827586206897,0.0344827586206897,0.446153846153846,1,0,29,36
"ESV_1581934",0.0344827586206897,0,0.0344827586206897,0.0344827586206897,0.446153846153846,1,0,29,36
"ESV_1583412",0.0344827586206897,0,0.0344827586206897,0.0344827586206897,0.446153846153846,1,0,29,36
"ESV_1642666",0.0344827586206897,0,0.0344827586206897,0.0344827586206897,0.446153846153846,1,0,29,36
"ESV_1687586",0.0344827586206897,0,0.0344827586206897,0.0344827586206897,0.446153846153846,1,0,29,36
"ESV_1747378",0.0344827586206897,0,0.0344827586206897,0.0344827586206897,0.446153846153846,1,0,29,36
"ESV_1757860",0.0344827586206897,0,0.0344827586206897,0.0344827586206897,0.446153846153846,1,0,29,36
"ESV_1758098",0.0344827586206897,0,0.0344827586206897,0.0344827586206897,0.446153846153846,1,0,29,36
"ESV_1794390",0.0344827586206897,0,0.0344827586206897,0.0344827586206897,0.446153846153846,1,0,29,36
"ESV_1794450",0.0344827586206897,0,0.0344827586206897,0.0344827586206897,0.446153846153846,1,0,29,36
"ESV_1794656",0.0344827586206897,0,0.0344827586206897,0.0344827586206897,0.446153846153846,1,0,29,36
"ESV_1794698",0.0344827586206897,0,0.0344827586206897,0.0344827586206897,0.446153846153846,1,0,29,36
"ESV_1794776",0.0344827586206897,0,0.0344827586206897,0.0344827586206897,0.446153846153846,1,0,29,36
"ESV_1831490",0.0344827586206897,0,0.0344827586206897,0.0344827586206897,0.446153846153846,1,0,29,36
"ESV_1854404",0.0344827586206897,0,0.0344827586206897,0.0344827586206897,0.446153846153846,1,0,29,36
"ESV_1864886",0.0344827586206897,0,0.0344827586206897,0.0344827586206897,0.446153846153846,1,0,29,36
"ESV_1865124",0.0344827586206897,0,0.0344827586206897,0.0344827586206897,0.446153846153846,1,0,29,36
"ESV_1901416",0.0344827586206897,0,0.0344827586206897,0.0344827586206897,0.446153846153846,1,0,29,36
"ESV_1901476",0.0344827586206897,0,0.0344827586206897,0.0344827586206897,0.446153846153846,1,0,29,36
"ESV_1901682",0.0344827586206897,0,0.0344827586206897,0.0344827586206897,0.446153846153846,1,0,29,36
"ESV_1901724",0.0344827586206897,0,0.0344827586206897,0.0344827586206897,0.446153846153846,1,0,29,36
"ESV_1901802",0.0344827586206897,0,0.0344827586206897,0.0344827586206897,0.446153846153846,1,0,29,36
"ESV_1938516",0.0344827586206897,0,0.0344827586206897,0.0344827586206897,0.446153846153846,1,0,29,36
"ESV_2345380",0.0344827586206897,0,0.0344827586206897,0.0344827586206897,0.446153846153846,1,0,29,36
"ESV_2345940",0.0344827586206897,0,0.0344827586206897,0.0344827586206897,0.446153846153846,1,0,29,36
"ESV_2346078",0.0344827586206897,0,0.0344827586206897,0.0344827586206897,0.446153846153846,1,0,29,36
"ESV_2346138",0.0344827586206897,0,0.0344827586206897,0.0344827586206897,0.446153846153846,1,0,29,36
"ESV_2347050",0.0344827586206897,0,0.0344827586206897,0.0344827586206897,0.446153846153846,1,0,29,36
"ESV_2347418",0.0344827586206897,0,0.0344827586206897,0.0344827586206897,0.446153846153846,1,0,29,36
"ESV_2348492",0.0344827586206897,0,0.0344827586206897,0.0344827586206897,0.446153846153846,1,0,29,36
"ESV_2348586",0.0344827586206897,0,0.0344827586206897,0.0344827586206897,0.446153846153846,1,0,29,36
"ESV_2348748",0.0344827586206897,0,0.0344827586206897,0.0344827586206897,0.446153846153846,1,0,29,36
"ESV_2490068",0.0344827586206897,0,0.0344827586206897,0.0344827586206897,0.446153846153846,1,0,29,36
"ESV_2490334",0.0344827586206897,0,0.0344827586206897,0.0344827586206897,0.446153846153846,1,0,29,36
"ESV_2490978",0.0344827586206897,0,0.0344827586206897,0.0344827586206897,0.446153846153846,1,0,29,36
"ESV_2491074",0.0344827586206897,0,0.0344827586206897,0.0344827586206897,0.446153846153846,1,0,29,36
"ESV_2492212",0.0344827586206897,0,0.0344827586206897,0.0344827586206897,0.446153846153846,1,0,29,36
"ESV_2492416",0.0344827586206897,0,0.0344827586206897,0.0344827586206897,0.446153846153846,1,0,29,36
"ESV_2492868",0.0344827586206897,0,0.0344827586206897,0.0344827586206897,0.446153846153846,1,0,29,36
"ESV_2493044",0.0344827586206897,0,0.0344827586206897,0.0344827586206897,0.446153846153846,1,0,29,36
"ESV_2493254",0.0344827586206897,0,0.0344827586206897,0.0344827586206897,0.446153846153846,1,0,29,36
"ESV_2494364",0.0344827586206897,0,0.0344827586206897,0.0344827586206897,0.446153846153846,1,0,29,36
"ESV_2574028",0.0344827586206897,0,0.0344827586206897,0.0344827586206897,0.446153846153846,1,0,29,36
"ESV_2575972",0.0344827586206897,0,0.0344827586206897,0.0344827586206897,0.446153846153846,1,0,29,36
"ESV_2576560",0.0344827586206897,0,0.0344827586206897,0.0344827586206897,0.446153846153846,1,0,29,36
"ESV_2577336",0.0344827586206897,0,0.0344827586206897,0.0344827586206897,0.446153846153846,1,0,29,36
"ESV_2577658",0.0344827586206897,0,0.0344827586206897,0.0344827586206897,0.446153846153846,1,0,29,36
"ESV_2672900",0.0344827586206897,0,0.0344827586206897,0.0344827586206897,0.446153846153846,1,0,29,36
"ESV_2673226",0.0344827586206897,0,0.0344827586206897,0.0344827586206897,0.446153846153846,1,0,29,36
"ESV_2673228",0.0344827586206897,0,0.0344827586206897,0.0344827586206897,0.446153846153846,1,0,29,36
"ESV_2673562",0.0344827586206897,0,0.0344827586206897,0.0344827586206897,0.446153846153846,1,0,29,36
"ESV_2674592",0.0344827586206897,0,0.0344827586206897,0.0344827586206897,0.446153846153846,1,0,29,36
"ESV_2674968",0.0344827586206897,0,0.0344827586206897,0.0344827586206897,0.446153846153846,1,0,29,36
"ESV_2675318",0.0344827586206897,0,0.0344827586206897,0.0344827586206897,0.446153846153846,1,0,29,36
"ESV_2675354",0.0344827586206897,0,0.0344827586206897,0.0344827586206897,0.446153846153846,1,0,29,36
"ESV_2675358",0.0344827586206897,0,0.0344827586206897,0.0344827586206897,0.446153846153846,1,0,29,36
"ESV_2675746",0.0344827586206897,0,0.0344827586206897,0.0344827586206897,0.446153846153846,1,0,29,36
"ESV_2677712",0.0344827586206897,0,0.0344827586206897,0.0344827586206897,0.446153846153846,1,0,29,36
"ESV_2847222",0.0344827586206897,0,0.0344827586206897,0.0344827586206897,0.446153846153846,1,0,29,36
"ESV_2848684",0.0344827586206897,0,0.0344827586206897,0.0344827586206897,0.446153846153846,1,0,29,36
"ESV_2849354",0.0344827586206897,0,0.0344827586206897,0.0344827586206897,0.446153846153846,1,0,29,36
"ESV_2850092",0.0344827586206897,0,0.0344827586206897,0.0344827586206897,0.446153846153846,1,0,29,36
"ESV_2985972",0.0344827586206897,0,0.0344827586206897,0.0344827586206897,0.446153846153846,1,0,29,36
"ESV_2986080",0.0344827586206897,0,0.0344827586206897,0.0344827586206897,0.446153846153846,1,0,29,36
"ESV_2987068",0.0344827586206897,0,0.0344827586206897,0.0344827586206897,0.446153846153846,1,0,29,36
"ESV_2988654",0.0344827586206897,0,0.0344827586206897,0.0344827586206897,0.446153846153846,1,0,29,36
"ESV_2989200",0.0344827586206897,0,0.0344827586206897,0.0344827586206897,0.446153846153846,1,0,29,36
"ESV_2989428",0.0344827586206897,0,0.0344827586206897,0.0344827586206897,0.446153846153846,1,0,29,36
"ESV_2989752",0.0344827586206897,0,0.0344827586206897,0.0344827586206897,0.446153846153846,1,0,29,36
"ESV_3122742",0.0344827586206897,0,0.0344827586206897,0.0344827586206897,0.446153846153846,1,0,29,36
"ESV_3123302",0.0344827586206897,0,0.0344827586206897,0.0344827586206897,0.446153846153846,1,0,29,36
"ESV_3123440",0.0344827586206897,0,0.0344827586206897,0.0344827586206897,0.446153846153846,1,0,29,36
"ESV_3123500",0.0344827586206897,0,0.0344827586206897,0.0344827586206897,0.446153846153846,1,0,29,36
"ESV_3124412",0.0344827586206897,0,0.0344827586206897,0.0344827586206897,0.446153846153846,1,0,29,36
"ESV_3124780",0.0344827586206897,0,0.0344827586206897,0.0344827586206897,0.446153846153846,1,0,29,36
"ESV_3125854",0.0344827586206897,0,0.0344827586206897,0.0344827586206897,0.446153846153846,1,0,29,36
"ESV_3125948",0.0344827586206897,0,0.0344827586206897,0.0344827586206897,0.446153846153846,1,0,29,36
"ESV_3126110",0.0344827586206897,0,0.0344827586206897,0.0344827586206897,0.446153846153846,1,0,29,36
"ESV_3267430",0.0344827586206897,0,0.0344827586206897,0.0344827586206897,0.446153846153846,1,0,29,36
"ESV_3267696",0.0344827586206897,0,0.0344827586206897,0.0344827586206897,0.446153846153846,1,0,29,36
"ESV_3268340",0.0344827586206897,0,0.0344827586206897,0.0344827586206897,0.446153846153846,1,0,29,36
"ESV_3268436",0.0344827586206897,0,0.0344827586206897,0.0344827586206897,0.446153846153846,1,0,29,36
"ESV_3269574",0.0344827586206897,0,0.0344827586206897,0.0344827586206897,0.446153846153846,1,0,29,36
"ESV_3269778",0.0344827586206897,0,0.0344827586206897,0.0344827586206897,0.446153846153846,1,0,29,36
"ESV_3270230",0.0344827586206897,0,0.0344827586206897,0.0344827586206897,0.446153846153846,1,0,29,36
"ESV_3270406",0.0344827586206897,0,0.0344827586206897,0.0344827586206897,0.446153846153846,1,0,29,36
"ESV_3270616",0.0344827586206897,0,0.0344827586206897,0.0344827586206897,0.446153846153846,1,0,29,36
"ESV_3271726",0.0344827586206897,0,0.0344827586206897,0.0344827586206897,0.446153846153846,1,0,29,36
"ESV_3351390",0.0344827586206897,0,0.0344827586206897,0.0344827586206897,0.446153846153846,1,0,29,36
"ESV_3353334",0.0344827586206897,0,0.0344827586206897,0.0344827586206897,0.446153846153846,1,0,29,36
"ESV_3353922",0.0344827586206897,0,0.0344827586206897,0.0344827586206897,0.446153846153846,1,0,29,36
"ESV_3354698",0.0344827586206897,0,0.0344827586206897,0.0344827586206897,0.446153846153846,1,0,29,36
"ESV_3355020",0.0344827586206897,0,0.0344827586206897,0.0344827586206897,0.446153846153846,1,0,29,36
"ESV_3450262",0.0344827586206897,0,0.0344827586206897,0.0344827586206897,0.446153846153846,1,0,29,36
"ESV_3450588",0.0344827586206897,0,0.0344827586206897,0.0344827586206897,0.446153846153846,1,0,29,36
"ESV_3450590",0.0344827586206897,0,0.0344827586206897,0.0344827586206897,0.446153846153846,1,0,29,36
"ESV_3450924",0.0344827586206897,0,0.0344827586206897,0.0344827586206897,0.446153846153846,1,0,29,36
"ESV_3451954",0.0344827586206897,0,0.0344827586206897,0.0344827586206897,0.446153846153846,1,0,29,36
"ESV_3452330",0.0344827586206897,0,0.0344827586206897,0.0344827586206897,0.446153846153846,1,0,29,36
"ESV_3452680",0.0344827586206897,0,0.0344827586206897,0.0344827586206897,0.446153846153846,1,0,29,36
"ESV_3452716",0.0344827586206897,0,0.0344827586206897,0.0344827586206897,0.446153846153846,1,0,29,36
"ESV_3452720",0.0344827586206897,0,0.0344827586206897,0.0344827586206897,0.446153846153846,1,0,29,36
"ESV_3453108",0.0344827586206897,0,0.0344827586206897,0.0344827586206897,0.446153846153846,1,0,29,36
"ESV_3455074",0.0344827586206897,0,0.0344827586206897,0.0344827586206897,0.446153846153846,1,0,29,36
"ESV_3624582",0.0344827586206897,0,0.0344827586206897,0.0344827586206897,0.446153846153846,1,0,29,36
"ESV_3626044",0.0344827586206897,0,0.0344827586206897,0.0344827586206897,0.446153846153846,1,0,29,36
"ESV_3626714",0.0344827586206897,0,0.0344827586206897,0.0344827586206897,0.446153846153846,1,0,29,36
"ESV_3627452",0.0344827586206897,0,0.0344827586206897,0.0344827586206897,0.446153846153846,1,0,29,36
"ESV_3763332",0.0344827586206897,0,0.0344827586206897,0.0344827586206897,0.446153846153846,1,0,29,36
"ESV_3763440",0.0344827586206897,0,0.0344827586206897,0.0344827586206897,0.446153846153846,1,0,29,36
"ESV_3764428",0.0344827586206897,0,0.0344827586206897,0.0344827586206897,0.446153846153846,1,0,29,36
"ESV_3766014",0.0344827586206897,0,0.0344827586206897,0.0344827586206897,0.446153846153846,1,0,29,36
"ESV_3766560",0.0344827586206897,0,0.0344827586206897,0.0344827586206897,0.446153846153846,1,0,29,36
"ESV_3766788",0.0344827586206897,0,0.0344827586206897,0.0344827586206897,0.446153846153846,1,0,29,36
"ESV_4681966",0.0344827586206897,0,0.0344827586206897,0.0344827586206897,0.446153846153846,1,0,29,36
"ESV_4683564",0.0344827586206897,0,0.0344827586206897,0.0344827586206897,0.446153846153846,1,0,29,36
"ESV_4684638",0.0344827586206897,0,0.0344827586206897,0.0344827586206897,0.446153846153846,1,0,29,36
"ESV_4684662",0.0344827586206897,0,0.0344827586206897,0.0344827586206897,0.446153846153846,1,0,29,36
"ESV_4685828",0.0344827586206897,0,0.0344827586206897,0.0344827586206897,0.446153846153846,1,0,29,36
"ESV_4686054",0.0344827586206897,0,0.0344827586206897,0.0344827586206897,0.446153846153846,1,0,29,36
"ESV_4782198",0.0344827586206897,0,0.0344827586206897,0.0344827586206897,0.446153846153846,1,0,29,36
"ESV_4782380",0.0344827586206897,0,0.0344827586206897,0.0344827586206897,0.446153846153846,1,0,29,36
"ESV_4782520",0.0344827586206897,0,0.0344827586206897,0.0344827586206897,0.446153846153846,1,0,29,36
"ESV_4782778",0.0344827586206897,0,0.0344827586206897,0.0344827586206897,0.446153846153846,1,0,29,36
"ESV_4782848",0.0344827586206897,0,0.0344827586206897,0.0344827586206897,0.446153846153846,1,0,29,36
"ESV_4782878",0.0344827586206897,0,0.0344827586206897,0.0344827586206897,0.446153846153846,1,0,29,36
"ESV_4783774",0.0344827586206897,0,0.0344827586206897,0.0344827586206897,0.446153846153846,1,0,29,36
"ESV_4783834",0.0344827586206897,0,0.0344827586206897,0.0344827586206897,0.446153846153846,1,0,29,36
"ESV_4784068",0.0344827586206897,0,0.0344827586206897,0.0344827586206897,0.446153846153846,1,0,29,36
"ESV_4784806",0.0344827586206897,0,0.0344827586206897,0.0344827586206897,0.446153846153846,1,0,29,36
"ESV_4924530",0.0344827586206897,0,0.0344827586206897,0.0344827586206897,0.446153846153846,1,0,29,36
"ESV_4925090",0.0344827586206897,0,0.0344827586206897,0.0344827586206897,0.446153846153846,1,0,29,36
"ESV_4925358",0.0344827586206897,0,0.0344827586206897,0.0344827586206897,0.446153846153846,1,0,29,36
"ESV_4925370",0.0344827586206897,0,0.0344827586206897,0.0344827586206897,0.446153846153846,1,0,29,36
"ESV_4925398",0.0344827586206897,0,0.0344827586206897,0.0344827586206897,0.446153846153846,1,0,29,36
"ESV_4925428",0.0344827586206897,0,0.0344827586206897,0.0344827586206897,0.446153846153846,1,0,29,36
"ESV_4925580",0.0344827586206897,0,0.0344827586206897,0.0344827586206897,0.446153846153846,1,0,29,36
"ESV_5028304",0.0344827586206897,0,0.0344827586206897,0.0344827586206897,0.446153846153846,1,0,29,36
"ESV_5029016",0.0344827586206897,0,0.0344827586206897,0.0344827586206897,0.446153846153846,1,0,29,36
"ESV_5029064",0.0344827586206897,0,0.0344827586206897,0.0344827586206897,0.446153846153846,1,0,29,36
"ESV_5029468",0.0344827586206897,0,0.0344827586206897,0.0344827586206897,0.446153846153846,1,0,29,36
"ESV_5030286",0.0344827586206897,0,0.0344827586206897,0.0344827586206897,0.446153846153846,1,0,29,36
"ESV_5032840",0.0344827586206897,0,0.0344827586206897,0.0344827586206897,0.446153846153846,1,0,29,36
"ESV_5032982",0.0344827586206897,0,0.0344827586206897,0.0344827586206897,0.446153846153846,1,0,29,36
"ESV_5043754",0.0344827586206897,0,0.0344827586206897,0.0344827586206897,0.446153846153846,1,0,29,36
"ESV_5044154",0.0344827586206897,0,0.0344827586206897,0.0344827586206897,0.446153846153846,1,0,29,36
"ESV_5124654",0.0344827586206897,0,0.0344827586206897,0.0344827586206897,0.446153846153846,1,0,29,36
"ESV_5398070",0.0344827586206897,0,0.0344827586206897,0.0344827586206897,0.446153846153846,1,0,29,36
"ESV_5399668",0.0344827586206897,0,0.0344827586206897,0.0344827586206897,0.446153846153846,1,0,29,36
"ESV_5400742",0.0344827586206897,0,0.0344827586206897,0.0344827586206897,0.446153846153846,1,0,29,36
"ESV_5400766",0.0344827586206897,0,0.0344827586206897,0.0344827586206897,0.446153846153846,1,0,29,36
"ESV_5401932",0.0344827586206897,0,0.0344827586206897,0.0344827586206897,0.446153846153846,1,0,29,36
"ESV_5402158",0.0344827586206897,0,0.0344827586206897,0.0344827586206897,0.446153846153846,1,0,29,36
"ESV_5496690",0.0344827586206897,0,0.0344827586206897,0.0344827586206897,0.446153846153846,1,0,29,36
"ESV_5496960",0.0344827586206897,0,0.0344827586206897,0.0344827586206897,0.446153846153846,1,0,29,36
"ESV_5496990",0.0344827586206897,0,0.0344827586206897,0.0344827586206897,0.446153846153846,1,0,29,36
"ESV_5496998",0.0344827586206897,0,0.0344827586206897,0.0344827586206897,0.446153846153846,1,0,29,36
"ESV_5497064",0.0344827586206897,0,0.0344827586206897,0.0344827586206897,0.446153846153846,1,0,29,36
"ESV_5498110",0.0344827586206897,0,0.0344827586206897,0.0344827586206897,0.446153846153846,1,0,29,36
"ESV_5498884",0.0344827586206897,0,0.0344827586206897,0.0344827586206897,0.446153846153846,1,0,29,36
"ESV_5499378",0.0344827586206897,0,0.0344827586206897,0.0344827586206897,0.446153846153846,1,0,29,36
"ESV_5499818",0.0344827586206897,0,0.0344827586206897,0.0344827586206897,0.446153846153846,1,0,29,36
"ESV_5500536",0.0344827586206897,0,0.0344827586206897,0.0344827586206897,0.446153846153846,1,0,29,36
"ESV_5500724",0.0344827586206897,0,0.0344827586206897,0.0344827586206897,0.446153846153846,1,0,29,36
"ESV_5500732",0.0344827586206897,0,0.0344827586206897,0.0344827586206897,0.446153846153846,1,0,29,36
"ESV_5501352",0.0344827586206897,0,0.0344827586206897,0.0344827586206897,0.446153846153846,1,0,29,36
"ESV_5503042",0.0344827586206897,0,0.0344827586206897,0.0344827586206897,0.446153846153846,1,0,29,36
"ESV_5503264",0.0344827586206897,0,0.0344827586206897,0.0344827586206897,0.446153846153846,1,0,29,36
"ESV_5639276",0.0344827586206897,0,0.0344827586206897,0.0344827586206897,0.446153846153846,1,0,29,36
"ESV_5639454",0.0344827586206897,0,0.0344827586206897,0.0344827586206897,0.446153846153846,1,0,29,36
"ESV_5639732",0.0344827586206897,0,0.0344827586206897,0.0344827586206897,0.446153846153846,1,0,29,36
"ESV_5640006",0.0344827586206897,0,0.0344827586206897,0.0344827586206897,0.446153846153846,1,0,29,36
"ESV_5641698",0.0344827586206897,0,0.0344827586206897,0.0344827586206897,0.446153846153846,1,0,29,36
"ESV_5744408",0.0344827586206897,0,0.0344827586206897,0.0344827586206897,0.446153846153846,1,0,29,36
"ESV_5745120",0.0344827586206897,0,0.0344827586206897,0.0344827586206897,0.446153846153846,1,0,29,36
"ESV_5745168",0.0344827586206897,0,0.0344827586206897,0.0344827586206897,0.446153846153846,1,0,29,36
"ESV_5745572",0.0344827586206897,0,0.0344827586206897,0.0344827586206897,0.446153846153846,1,0,29,36
"ESV_5746390",0.0344827586206897,0,0.0344827586206897,0.0344827586206897,0.446153846153846,1,0,29,36
"ESV_5748944",0.0344827586206897,0,0.0344827586206897,0.0344827586206897,0.446153846153846,1,0,29,36
"ESV_5749086",0.0344827586206897,0,0.0344827586206897,0.0344827586206897,0.446153846153846,1,0,29,36
"ESV_5759858",0.0344827586206897,0,0.0344827586206897,0.0344827586206897,0.446153846153846,1,0,29,36
"ESV_5760258",0.0344827586206897,0,0.0344827586206897,0.0344827586206897,0.446153846153846,1,0,29,36
"ESV_5840758",0.0344827586206897,0,0.0344827586206897,0.0344827586206897,0.446153846153846,1,0,29,36
"ESV_6364260",0.0344827586206897,0,0.0344827586206897,0.0344827586206897,0.446153846153846,1,0,29,36
"ESV_6364388",0.0344827586206897,0,0.0344827586206897,0.0344827586206897,0.446153846153846,1,0,29,36
"ESV_6364602",0.0344827586206897,0,0.0344827586206897,0.0344827586206897,0.446153846153846,1,0,29,36
"ESV_6424680",0.0344827586206897,0,0.0344827586206897,0.0344827586206897,0.446153846153846,1,0,29,36
"ESV_6424772",0.0344827586206897,0,0.0344827586206897,0.0344827586206897,0.446153846153846,1,0,29,36
"ESV_6425096",0.0344827586206897,0,0.0344827586206897,0.0344827586206897,0.446153846153846,1,0,29,36
"ESV_6425328",0.0344827586206897,0,0.0344827586206897,0.0344827586206897,0.446153846153846,1,0,29,36
"ESV_6426306",0.0344827586206897,0,0.0344827586206897,0.0344827586206897,0.446153846153846,1,0,29,36
"ESV_6426526",0.0344827586206897,0,0.0344827586206897,0.0344827586206897,0.446153846153846,1,0,29,36
"ESV_6426650",0.0344827586206897,0,0.0344827586206897,0.0344827586206897,0.446153846153846,1,0,29,36
"ESV_6426664",0.0344827586206897,0,0.0344827586206897,0.0344827586206897,0.446153846153846,1,0,29,36
"ESV_6426926",0.0344827586206897,0,0.0344827586206897,0.0344827586206897,0.446153846153846,1,0,29,36
"ESV_6427430",0.0344827586206897,0,0.0344827586206897,0.0344827586206897,0.446153846153846,1,0,29,36
"ESV_6427534",0.0344827586206897,0,0.0344827586206897,0.0344827586206897,0.446153846153846,1,0,29,36
"ESV_6427608",0.0344827586206897,0,0.0344827586206897,0.0344827586206897,0.446153846153846,1,0,29,36
"ESV_6427746",0.0344827586206897,0,0.0344827586206897,0.0344827586206897,0.446153846153846,1,0,29,36
"ESV_6427880",0.0344827586206897,0,0.0344827586206897,0.0344827586206897,0.446153846153846,1,0,29,36
"ESV_6428020",0.0344827586206897,0,0.0344827586206897,0.0344827586206897,0.446153846153846,1,0,29,36
"ESV_6438736",0.0344827586206897,0,0.0344827586206897,0.0344827586206897,0.446153846153846,1,0,29,36
"ESV_6494738",0.0344827586206897,0,0.0344827586206897,0.0344827586206897,0.446153846153846,1,0,29,36
"ESV_6495530",0.0344827586206897,0,0.0344827586206897,0.0344827586206897,0.446153846153846,1,0,29,36
"ESV_6566482",0.0344827586206897,0,0.0344827586206897,0.0344827586206897,0.446153846153846,1,0,29,36
"ESV_6567636",0.0344827586206897,0,0.0344827586206897,0.0344827586206897,0.446153846153846,1,0,29,36
"ESV_6567638",0.0344827586206897,0,0.0344827586206897,0.0344827586206897,0.446153846153846,1,0,29,36
"ESV_6567698",0.0344827586206897,0,0.0344827586206897,0.0344827586206897,0.446153846153846,1,0,29,36
"ESV_7013658",0.0344827586206897,0,0.0344827586206897,0.0344827586206897,0.446153846153846,1,0,29,36
"ESV_7013786",0.0344827586206897,0,0.0344827586206897,0.0344827586206897,0.446153846153846,1,0,29,36
"ESV_7014000",0.0344827586206897,0,0.0344827586206897,0.0344827586206897,0.446153846153846,1,0,29,36
"ESV_7074082",0.0344827586206897,0,0.0344827586206897,0.0344827586206897,0.446153846153846,1,0,29,36
"ESV_7074224",0.0344827586206897,0,0.0344827586206897,0.0344827586206897,0.446153846153846,1,0,29,36
"ESV_7074684",0.0344827586206897,0,0.0344827586206897,0.0344827586206897,0.446153846153846,1,0,29,36
"ESV_7075544",0.0344827586206897,0,0.0344827586206897,0.0344827586206897,0.446153846153846,1,0,29,36
"ESV_7075630",0.0344827586206897,0,0.0344827586206897,0.0344827586206897,0.446153846153846,1,0,29,36
"ESV_7076078",0.0344827586206897,0,0.0344827586206897,0.0344827586206897,0.446153846153846,1,0,29,36
"ESV_7076118",0.0344827586206897,0,0.0344827586206897,0.0344827586206897,0.446153846153846,1,0,29,36
"ESV_7076630",0.0344827586206897,0,0.0344827586206897,0.0344827586206897,0.446153846153846,1,0,29,36
"ESV_7076742",0.0344827586206897,0,0.0344827586206897,0.0344827586206897,0.446153846153846,1,0,29,36
"ESV_7077126",0.0344827586206897,0,0.0344827586206897,0.0344827586206897,0.446153846153846,1,0,29,36
"ESV_7077630",0.0344827586206897,0,0.0344827586206897,0.0344827586206897,0.446153846153846,1,0,29,36
"ESV_7089114",0.0344827586206897,0,0.0344827586206897,0.0344827586206897,0.446153846153846,1,0,29,36
"ESV_7089504",0.0344827586206897,0,0.0344827586206897,0.0344827586206897,0.446153846153846,1,0,29,36
"ESV_7089780",0.0344827586206897,0,0.0344827586206897,0.0344827586206897,0.446153846153846,1,0,29,36
"ESV_7090024",0.0344827586206897,0,0.0344827586206897,0.0344827586206897,0.446153846153846,1,0,29,36
"ESV_7090422",0.0344827586206897,0,0.0344827586206897,0.0344827586206897,0.446153846153846,1,0,29,36
"ESV_7090440",0.0344827586206897,0,0.0344827586206897,0.0344827586206897,0.446153846153846,1,0,29,36
"ESV_7144138",0.0344827586206897,0,0.0344827586206897,0.0344827586206897,0.446153846153846,1,0,29,36
"ESV_7144930",0.0344827586206897,0,0.0344827586206897,0.0344827586206897,0.446153846153846,1,0,29,36
"ESV_7215882",0.0344827586206897,0,0.0344827586206897,0.0344827586206897,0.446153846153846,1,0,29,36
"ESV_7217036",0.0344827586206897,0,0.0344827586206897,0.0344827586206897,0.446153846153846,1,0,29,36
"ESV_7217038",0.0344827586206897,0,0.0344827586206897,0.0344827586206897,0.446153846153846,1,0,29,36
"ESV_7217098",0.0344827586206897,0,0.0344827586206897,0.0344827586206897,0.446153846153846,1,0,29,36
"ESV_7469970",0.0344827586206897,0,0.0344827586206897,0.0344827586206897,0.446153846153846,1,0,29,36
"ESV_7469974",0.0344827586206897,0,0.0344827586206897,0.0344827586206897,0.446153846153846,1,0,29,36
"ESV_7472920",0.0344827586206897,0,0.0344827586206897,0.0344827586206897,0.446153846153846,1,0,29,36
"ESV_7472922",0.0344827586206897,0,0.0344827586206897,0.0344827586206897,0.446153846153846,1,0,29,36
"ESV_7525964",0.0344827586206897,0,0.0344827586206897,0.0344827586206897,0.446153846153846,1,0,29,36
"ESV_7526334",0.0344827586206897,0,0.0344827586206897,0.0344827586206897,0.446153846153846,1,0,29,36
"ESV_7526652",0.0344827586206897,0,0.0344827586206897,0.0344827586206897,0.446153846153846,1,0,29,36
"ESV_7780412",0.0344827586206897,0,0.0344827586206897,0.0344827586206897,0.446153846153846,1,0,29,36
"ESV_7822372",0.0344827586206897,0,0.0344827586206897,0.0344827586206897,0.446153846153846,1,0,29,36
"ESV_7822456",0.0344827586206897,0,0.0344827586206897,0.0344827586206897,0.446153846153846,1,0,29,36
"ESV_7824536",0.0344827586206897,0,0.0344827586206897,0.0344827586206897,0.446153846153846,1,0,29,36
"ESV_7824874",0.0344827586206897,0,0.0344827586206897,0.0344827586206897,0.446153846153846,1,0,29,36
"ESV_7877998",0.0344827586206897,0,0.0344827586206897,0.0344827586206897,0.446153846153846,1,0,29,36
"ESV_7902452",0.0344827586206897,0,0.0344827586206897,0.0344827586206897,0.446153846153846,1,0,29,36
"ESV_8179090",0.0344827586206897,0,0.0344827586206897,0.0344827586206897,0.446153846153846,1,0,29,36
"ESV_8179438",0.0344827586206897,0,0.0344827586206897,0.0344827586206897,0.446153846153846,1,0,29,36
"ESV_8179492",0.0344827586206897,0,0.0344827586206897,0.0344827586206897,0.446153846153846,1,0,29,36
"ESV_8183490",0.0344827586206897,0,0.0344827586206897,0.0344827586206897,0.446153846153846,1,0,29,36
"ESV_8184212",0.0344827586206897,0,0.0344827586206897,0.0344827586206897,0.446153846153846,1,0,29,36
"ESV_8185368",0.0344827586206897,0,0.0344827586206897,0.0344827586206897,0.446153846153846,1,0,29,36
"ESV_8185418",0.0344827586206897,0,0.0344827586206897,0.0344827586206897,0.446153846153846,1,0,29,36
"ESV_8186822",0.0344827586206897,0,0.0344827586206897,0.0344827586206897,0.446153846153846,1,0,29,36
"ESV_8187384",0.0344827586206897,0,0.0344827586206897,0.0344827586206897,0.446153846153846,1,0,29,36
"ESV_8219040",0.0344827586206897,0,0.0344827586206897,0.0344827586206897,0.446153846153846,1,0,29,36
"ESV_8219366",0.0344827586206897,0,0.0344827586206897,0.0344827586206897,0.446153846153846,1,0,29,36
"ESV_8219798",0.0344827586206897,0,0.0344827586206897,0.0344827586206897,0.446153846153846,1,0,29,36
"ESV_8220160",0.0344827586206897,0,0.0344827586206897,0.0344827586206897,0.446153846153846,1,0,29,36
"ESV_8220624",0.0344827586206897,0,0.0344827586206897,0.0344827586206897,0.446153846153846,1,0,29,36
"ESV_8220866",0.0344827586206897,0,0.0344827586206897,0.0344827586206897,0.446153846153846,1,0,29,36
"ESV_8221418",0.0344827586206897,0,0.0344827586206897,0.0344827586206897,0.446153846153846,1,0,29,36
"ESV_8221648",0.0344827586206897,0,0.0344827586206897,0.0344827586206897,0.446153846153846,1,0,29,36
"ESV_8222394",0.0344827586206897,0,0.0344827586206897,0.0344827586206897,0.446153846153846,1,0,29,36
"ESV_8222492",0.0344827586206897,0,0.0344827586206897,0.0344827586206897,0.446153846153846,1,0,29,36
"ESV_8222958",0.0344827586206897,0,0.0344827586206897,0.0344827586206897,0.446153846153846,1,0,29,36
"ESV_8223046",0.0344827586206897,0,0.0344827586206897,0.0344827586206897,0.446153846153846,1,0,29,36
"ESV_8223328",0.0344827586206897,0,0.0344827586206897,0.0344827586206897,0.446153846153846,1,0,29,36
"ESV_8223374",0.0344827586206897,0,0.0344827586206897,0.0344827586206897,0.446153846153846,1,0,29,36
"ESV_8224072",0.0344827586206897,0,0.0344827586206897,0.0344827586206897,0.446153846153846,1,0,29,36
"ESV_8224274",0.0344827586206897,0,0.0344827586206897,0.0344827586206897,0.446153846153846,1,0,29,36
"ESV_8224286",0.0344827586206897,0,0.0344827586206897,0.0344827586206897,0.446153846153846,1,0,29,36
"ESV_8224408",0.0344827586206897,0,0.0344827586206897,0.0344827586206897,0.446153846153846,1,0,29,36
"ESV_8224844",0.0344827586206897,0,0.0344827586206897,0.0344827586206897,0.446153846153846,1,0,29,36
"ESV_8224952",0.0344827586206897,0,0.0344827586206897,0.0344827586206897,0.446153846153846,1,0,29,36
"ESV_8225352",0.0344827586206897,0,0.0344827586206897,0.0344827586206897,0.446153846153846,1,0,29,36
"ESV_8225830",0.0344827586206897,0,0.0344827586206897,0.0344827586206897,0.446153846153846,1,0,29,36
"ESV_8226142",0.0344827586206897,0,0.0344827586206897,0.0344827586206897,0.446153846153846,1,0,29,36
"ESV_8397650",0.0344827586206897,0,0.0344827586206897,0.0344827586206897,0.446153846153846,1,0,29,36
"ESV_8422066",0.0344827586206897,0,0.0344827586206897,0.0344827586206897,0.446153846153846,1,0,29,36
"ESV_8422418",0.0344827586206897,0,0.0344827586206897,0.0344827586206897,0.446153846153846,1,0,29,36
"ESV_8422574",0.0344827586206897,0,0.0344827586206897,0.0344827586206897,0.446153846153846,1,0,29,36
"ESV_8422648",0.0344827586206897,0,0.0344827586206897,0.0344827586206897,0.446153846153846,1,0,29,36
"ESV_8422702",0.0344827586206897,0,0.0344827586206897,0.0344827586206897,0.446153846153846,1,0,29,36
"ESV_8423752",0.0344827586206897,0,0.0344827586206897,0.0344827586206897,0.446153846153846,1,0,29,36
"ESV_8425380",0.0344827586206897,0,0.0344827586206897,0.0344827586206897,0.446153846153846,1,0,29,36
"ESV_8425896",0.0344827586206897,0,0.0344827586206897,0.0344827586206897,0.446153846153846,1,0,29,36
"ESV_8426316",0.0344827586206897,0,0.0344827586206897,0.0344827586206897,0.446153846153846,1,0,29,36
"ESV_8426712",0.0344827586206897,0,0.0344827586206897,0.0344827586206897,0.446153846153846,1,0,29,36
"ESV_8426924",0.0344827586206897,0,0.0344827586206897,0.0344827586206897,0.446153846153846,1,0,29,36
"ESV_8427142",0.0344827586206897,0,0.0344827586206897,0.0344827586206897,0.446153846153846,1,0,29,36
"ESV_8427572",0.0344827586206897,0,0.0344827586206897,0.0344827586206897,0.446153846153846,1,0,29,36
"ESV_8428170",0.0344827586206897,0,0.0344827586206897,0.0344827586206897,0.446153846153846,1,0,29,36
"ESV_8526054",0.0344827586206897,0,0.0344827586206897,0.0344827586206897,0.446153846153846,1,0,29,36
"ESV_8527132",0.0344827586206897,0,0.0344827586206897,0.0344827586206897,0.446153846153846,1,0,29,36
"ESV_8527220",0.0344827586206897,0,0.0344827586206897,0.0344827586206897,0.446153846153846,1,0,29,36
"ESV_8527368",0.0344827586206897,0,0.0344827586206897,0.0344827586206897,0.446153846153846,1,0,29,36
"ESV_8530780",0.0344827586206897,0,0.0344827586206897,0.0344827586206897,0.446153846153846,1,0,29,36
"ESV_8531318",0.0344827586206897,0,0.0344827586206897,0.0344827586206897,0.446153846153846,1,0,29,36
"ESV_8531892",0.0344827586206897,0,0.0344827586206897,0.0344827586206897,0.446153846153846,1,0,29,36
"ESV_8533818",0.0344827586206897,0,0.0344827586206897,0.0344827586206897,0.446153846153846,1,0,29,36
"ESV_8533868",0.0344827586206897,0,0.0344827586206897,0.0344827586206897,0.446153846153846,1,0,29,36
"ESV_8534794",0.0344827586206897,0,0.0344827586206897,0.0344827586206897,0.446153846153846,1,0,29,36
"ESV_8536312",0.0344827586206897,0,0.0344827586206897,0.0344827586206897,0.446153846153846,1,0,29,36
"ESV_8536442",0.0344827586206897,0,0.0344827586206897,0.0344827586206897,0.446153846153846,1,0,29,36
"ESV_8537178",0.0344827586206897,0,0.0344827586206897,0.0344827586206897,0.446153846153846,1,0,29,36
"ESV_8628138",0.0344827586206897,0,0.0344827586206897,0.0344827586206897,0.446153846153846,1,0,29,36
"ESV_8629332",0.0344827586206897,0,0.0344827586206897,0.0344827586206897,0.446153846153846,1,0,29,36
"ESV_8629514",0.0344827586206897,0,0.0344827586206897,0.0344827586206897,0.446153846153846,1,0,29,36
"ESV_8629848",0.0344827586206897,0,0.0344827586206897,0.0344827586206897,0.446153846153846,1,0,29,36
"ESV_8630100",0.0344827586206897,0,0.0344827586206897,0.0344827586206897,0.446153846153846,1,0,29,36
"ESV_8630820",0.0344827586206897,0,0.0344827586206897,0.0344827586206897,0.446153846153846,1,0,29,36
"ESV_8630896",0.0344827586206897,0,0.0344827586206897,0.0344827586206897,0.446153846153846,1,0,29,36
"ESV_8631672",0.0344827586206897,0,0.0344827586206897,0.0344827586206897,0.446153846153846,1,0,29,36
"ESV_8632376",0.0344827586206897,0,0.0344827586206897,0.0344827586206897,0.446153846153846,1,0,29,36
"ESV_8632548",0.0344827586206897,0,0.0344827586206897,0.0344827586206897,0.446153846153846,1,0,29,36
"ESV_8632826",0.0344827586206897,0,0.0344827586206897,0.0344827586206897,0.446153846153846,1,0,29,36
"ESV_8633802",0.0344827586206897,0,0.0344827586206897,0.0344827586206897,0.446153846153846,1,0,29,36
"ESV_8634130",0.0344827586206897,0,0.0344827586206897,0.0344827586206897,0.446153846153846,1,0,29,36
"ESV_8634150",0.0344827586206897,0,0.0344827586206897,0.0344827586206897,0.446153846153846,1,0,29,36
"ESV_8634304",0.0344827586206897,0,0.0344827586206897,0.0344827586206897,0.446153846153846,1,0,29,36
"ESV_8634762",0.0344827586206897,0,0.0344827586206897,0.0344827586206897,0.446153846153846,1,0,29,36
"ESV_8635022",0.0344827586206897,0,0.0344827586206897,0.0344827586206897,0.446153846153846,1,0,29,36
"ESV_8636246",0.0344827586206897,0,0.0344827586206897,0.0344827586206897,0.446153846153846,1,0,29,36
"ESV_8636826",0.0344827586206897,0,0.0344827586206897,0.0344827586206897,0.446153846153846,1,0,29,36
"ESV_8638314",0.0344827586206897,0,0.0344827586206897,0.0344827586206897,0.446153846153846,1,0,29,36
"ESV_8734718",0.0344827586206897,0,0.0344827586206897,0.0344827586206897,0.446153846153846,1,0,29,36
"ESV_8735066",0.0344827586206897,0,0.0344827586206897,0.0344827586206897,0.446153846153846,1,0,29,36
"ESV_8735120",0.0344827586206897,0,0.0344827586206897,0.0344827586206897,0.446153846153846,1,0,29,36
"ESV_8739118",0.0344827586206897,0,0.0344827586206897,0.0344827586206897,0.446153846153846,1,0,29,36
"ESV_8739840",0.0344827586206897,0,0.0344827586206897,0.0344827586206897,0.446153846153846,1,0,29,36
"ESV_8740996",0.0344827586206897,0,0.0344827586206897,0.0344827586206897,0.446153846153846,1,0,29,36
"ESV_8741046",0.0344827586206897,0,0.0344827586206897,0.0344827586206897,0.446153846153846,1,0,29,36
"ESV_8742450",0.0344827586206897,0,0.0344827586206897,0.0344827586206897,0.446153846153846,1,0,29,36
"ESV_8743012",0.0344827586206897,0,0.0344827586206897,0.0344827586206897,0.446153846153846,1,0,29,36
"ESV_8774988",0.0344827586206897,0,0.0344827586206897,0.0344827586206897,0.446153846153846,1,0,29,36
"ESV_8775604",0.0344827586206897,0,0.0344827586206897,0.0344827586206897,0.446153846153846,1,0,29,36
"ESV_8775776",0.0344827586206897,0,0.0344827586206897,0.0344827586206897,0.446153846153846,1,0,29,36
"ESV_8776754",0.0344827586206897,0,0.0344827586206897,0.0344827586206897,0.446153846153846,1,0,29,36
"ESV_8777338",0.0344827586206897,0,0.0344827586206897,0.0344827586206897,0.446153846153846,1,0,29,36
"ESV_8778032",0.0344827586206897,0,0.0344827586206897,0.0344827586206897,0.446153846153846,1,0,29,36
"ESV_8779354",0.0344827586206897,0,0.0344827586206897,0.0344827586206897,0.446153846153846,1,0,29,36
"ESV_8779436",0.0344827586206897,0,0.0344827586206897,0.0344827586206897,0.446153846153846,1,0,29,36
"ESV_8779964",0.0344827586206897,0,0.0344827586206897,0.0344827586206897,0.446153846153846,1,0,29,36
"ESV_8780040",0.0344827586206897,0,0.0344827586206897,0.0344827586206897,0.446153846153846,1,0,29,36
"ESV_8780066",0.0344827586206897,0,0.0344827586206897,0.0344827586206897,0.446153846153846,1,0,29,36
"ESV_8780310",0.0344827586206897,0,0.0344827586206897,0.0344827586206897,0.446153846153846,1,0,29,36
"ESV_8780508",0.0344827586206897,0,0.0344827586206897,0.0344827586206897,0.446153846153846,1,0,29,36
"ESV_8780528",0.0344827586206897,0,0.0344827586206897,0.0344827586206897,0.446153846153846,1,0,29,36
"ESV_8780870",0.0344827586206897,0,0.0344827586206897,0.0344827586206897,0.446153846153846,1,0,29,36
"ESV_8781262",0.0344827586206897,0,0.0344827586206897,0.0344827586206897,0.446153846153846,1,0,29,36
"ESV_8781654",0.0344827586206897,0,0.0344827586206897,0.0344827586206897,0.446153846153846,1,0,29,36
"ESV_8781696",0.0344827586206897,0,0.0344827586206897,0.0344827586206897,0.446153846153846,1,0,29,36
"ESV_8953278",0.0344827586206897,0,0.0344827586206897,0.0344827586206897,0.446153846153846,1,0,29,36
"ESV_8977694",0.0344827586206897,0,0.0344827586206897,0.0344827586206897,0.446153846153846,1,0,29,36
"ESV_8978046",0.0344827586206897,0,0.0344827586206897,0.0344827586206897,0.446153846153846,1,0,29,36
"ESV_8978202",0.0344827586206897,0,0.0344827586206897,0.0344827586206897,0.446153846153846,1,0,29,36
"ESV_8978276",0.0344827586206897,0,0.0344827586206897,0.0344827586206897,0.446153846153846,1,0,29,36
"ESV_8978330",0.0344827586206897,0,0.0344827586206897,0.0344827586206897,0.446153846153846,1,0,29,36
"ESV_8979380",0.0344827586206897,0,0.0344827586206897,0.0344827586206897,0.446153846153846,1,0,29,36
"ESV_8981008",0.0344827586206897,0,0.0344827586206897,0.0344827586206897,0.446153846153846,1,0,29,36
"ESV_8981524",0.0344827586206897,0,0.0344827586206897,0.0344827586206897,0.446153846153846,1,0,29,36
"ESV_8981944",0.0344827586206897,0,0.0344827586206897,0.0344827586206897,0.446153846153846,1,0,29,36
"ESV_8982340",0.0344827586206897,0,0.0344827586206897,0.0344827586206897,0.446153846153846,1,0,29,36
"ESV_8982552",0.0344827586206897,0,0.0344827586206897,0.0344827586206897,0.446153846153846,1,0,29,36
"ESV_8982770",0.0344827586206897,0,0.0344827586206897,0.0344827586206897,0.446153846153846,1,0,29,36
"ESV_8983200",0.0344827586206897,0,0.0344827586206897,0.0344827586206897,0.446153846153846,1,0,29,36
"ESV_8983798",0.0344827586206897,0,0.0344827586206897,0.0344827586206897,0.446153846153846,1,0,29,36
"ESV_9081680",0.0344827586206897,0,0.0344827586206897,0.0344827586206897,0.446153846153846,1,0,29,36
"ESV_9082758",0.0344827586206897,0,0.0344827586206897,0.0344827586206897,0.446153846153846,1,0,29,36
"ESV_9082846",0.0344827586206897,0,0.0344827586206897,0.0344827586206897,0.446153846153846,1,0,29,36
"ESV_9082994",0.0344827586206897,0,0.0344827586206897,0.0344827586206897,0.446153846153846,1,0,29,36
"ESV_9086406",0.0344827586206897,0,0.0344827586206897,0.0344827586206897,0.446153846153846,1,0,29,36
"ESV_9086944",0.0344827586206897,0,0.0344827586206897,0.0344827586206897,0.446153846153846,1,0,29,36
"ESV_9087518",0.0344827586206897,0,0.0344827586206897,0.0344827586206897,0.446153846153846,1,0,29,36
"ESV_9089444",0.0344827586206897,0,0.0344827586206897,0.0344827586206897,0.446153846153846,1,0,29,36
"ESV_9089494",0.0344827586206897,0,0.0344827586206897,0.0344827586206897,0.446153846153846,1,0,29,36
"ESV_9090420",0.0344827586206897,0,0.0344827586206897,0.0344827586206897,0.446153846153846,1,0,29,36
"ESV_9091938",0.0344827586206897,0,0.0344827586206897,0.0344827586206897,0.446153846153846,1,0,29,36
"ESV_9092068",0.0344827586206897,0,0.0344827586206897,0.0344827586206897,0.446153846153846,1,0,29,36
"ESV_9092804",0.0344827586206897,0,0.0344827586206897,0.0344827586206897,0.446153846153846,1,0,29,36
"ESV_9183766",0.0344827586206897,0,0.0344827586206897,0.0344827586206897,0.446153846153846,1,0,29,36
"ESV_9184960",0.0344827586206897,0,0.0344827586206897,0.0344827586206897,0.446153846153846,1,0,29,36
"ESV_9185142",0.0344827586206897,0,0.0344827586206897,0.0344827586206897,0.446153846153846,1,0,29,36
"ESV_9185476",0.0344827586206897,0,0.0344827586206897,0.0344827586206897,0.446153846153846,1,0,29,36
"ESV_9185728",0.0344827586206897,0,0.0344827586206897,0.0344827586206897,0.446153846153846,1,0,29,36
"ESV_9186448",0.0344827586206897,0,0.0344827586206897,0.0344827586206897,0.446153846153846,1,0,29,36
"ESV_9186524",0.0344827586206897,0,0.0344827586206897,0.0344827586206897,0.446153846153846,1,0,29,36
"ESV_9187300",0.0344827586206897,0,0.0344827586206897,0.0344827586206897,0.446153846153846,1,0,29,36
"ESV_9188004",0.0344827586206897,0,0.0344827586206897,0.0344827586206897,0.446153846153846,1,0,29,36
"ESV_9188176",0.0344827586206897,0,0.0344827586206897,0.0344827586206897,0.446153846153846,1,0,29,36
"ESV_9188454",0.0344827586206897,0,0.0344827586206897,0.0344827586206897,0.446153846153846,1,0,29,36
"ESV_9189430",0.0344827586206897,0,0.0344827586206897,0.0344827586206897,0.446153846153846,1,0,29,36
"ESV_9189758",0.0344827586206897,0,0.0344827586206897,0.0344827586206897,0.446153846153846,1,0,29,36
"ESV_9189778",0.0344827586206897,0,0.0344827586206897,0.0344827586206897,0.446153846153846,1,0,29,36
"ESV_9189932",0.0344827586206897,0,0.0344827586206897,0.0344827586206897,0.446153846153846,1,0,29,36
"ESV_9190390",0.0344827586206897,0,0.0344827586206897,0.0344827586206897,0.446153846153846,1,0,29,36
"ESV_9190650",0.0344827586206897,0,0.0344827586206897,0.0344827586206897,0.446153846153846,1,0,29,36
"ESV_9191874",0.0344827586206897,0,0.0344827586206897,0.0344827586206897,0.446153846153846,1,0,29,36
"ESV_9192454",0.0344827586206897,0,0.0344827586206897,0.0344827586206897,0.446153846153846,1,0,29,36
"ESV_9193942",0.0344827586206897,0,0.0344827586206897,0.0344827586206897,0.446153846153846,1,0,29,36
"ESV_39116",0,0.0277777777777778,-0.0277777777777778,0.0277777777777778,1,0,1,29,36
"ESV_43280",0,0.0277777777777778,-0.0277777777777778,0.0277777777777778,1,0,1,29,36
"ESV_43284",0,0.0277777777777778,-0.0277777777777778,0.0277777777777778,1,0,1,29,36
"ESV_50848",0,0.0277777777777778,-0.0277777777777778,0.0277777777777778,1,0,1,29,36
"ESV_50898",0,0.0277777777777778,-0.0277777777777778,0.0277777777777778,1,0,1,29,36
"ESV_53230",0,0.0277777777777778,-0.0277777777777778,0.0277777777777778,1,0,1,29,36
"ESV_67164",0,0.0277777777777778,-0.0277777777777778,0.0277777777777778,1,0,1,29,36
"ESV_67304",0,0.0277777777777778,-0.0277777777777778,0.0277777777777778,1,0,1,29,36
"ESV_67724",0,0.0277777777777778,-0.0277777777777778,0.0277777777777778,1,0,1,29,36
"ESV_75304",0,0.0277777777777778,-0.0277777777777778,0.0277777777777778,1,0,1,29,36
"ESV_89670",0,0.0277777777777778,-0.0277777777777778,0.0277777777777778,1,0,1,29,36
"ESV_101580",0,0.0277777777777778,-0.0277777777777778,0.0277777777777778,1,0,1,29,36
"ESV_102024",0,0.0277777777777778,-0.0277777777777778,0.0277777777777778,1,0,1,29,36
"ESV_115392",0,0.0277777777777778,-0.0277777777777778,0.0277777777777778,1,0,1,29,36
"ESV_115592",0,0.0277777777777778,-0.0277777777777778,0.0277777777777778,1,0,1,29,36
"ESV_133818",0,0.0277777777777778,-0.0277777777777778,0.0277777777777778,1,0,1,29,36
"ESV_134822",0,0.0277777777777778,-0.0277777777777778,0.0277777777777778,1,0,1,29,36
"ESV_137750",0,0.0277777777777778,-0.0277777777777778,0.0277777777777778,1,0,1,29,36
"ESV_157640",0,0.0277777777777778,-0.0277777777777778,0.0277777777777778,1,0,1,29,36
"ESV_159002",0,0.0277777777777778,-0.0277777777777778,0.0277777777777778,1,0,1,29,36
"ESV_165420",0,0.0277777777777778,-0.0277777777777778,0.0277777777777778,1,0,1,29,36
"ESV_223258",0,0.0277777777777778,-0.0277777777777778,0.0277777777777778,1,0,1,29,36
"ESV_271270",0,0.0277777777777778,-0.0277777777777778,0.0277777777777778,1,0,1,29,36
"ESV_296088",0,0.0277777777777778,-0.0277777777777778,0.0277777777777778,1,0,1,29,36
"ESV_380444",0,0.0277777777777778,-0.0277777777777778,0.0277777777777778,1,0,1,29,36
"ESV_390424",0,0.0277777777777778,-0.0277777777777778,0.0277777777777778,1,0,1,29,36
"ESV_390710",0,0.0277777777777778,-0.0277777777777778,0.0277777777777778,1,0,1,29,36
"ESV_392082",0,0.0277777777777778,-0.0277777777777778,0.0277777777777778,1,0,1,29,36
"ESV_392630",0,0.0277777777777778,-0.0277777777777778,0.0277777777777778,1,0,1,29,36
"ESV_393470",0,0.0277777777777778,-0.0277777777777778,0.0277777777777778,1,0,1,29,36
"ESV_394018",0,0.0277777777777778,-0.0277777777777778,0.0277777777777778,1,0,1,29,36
"ESV_402980",0,0.0277777777777778,-0.0277777777777778,0.0277777777777778,1,0,1,29,36
"ESV_413066",0,0.0277777777777778,-0.0277777777777778,0.0277777777777778,1,0,1,29,36
"ESV_416150",0,0.0277777777777778,-0.0277777777777778,0.0277777777777778,1,0,1,29,36
"ESV_417018",0,0.0277777777777778,-0.0277777777777778,0.0277777777777778,1,0,1,29,36
"ESV_542066",0,0.0277777777777778,-0.0277777777777778,0.0277777777777778,1,0,1,29,36
"ESV_595912",0,0.0277777777777778,-0.0277777777777778,0.0277777777777778,1,0,1,29,36
"ESV_596686",0,0.0277777777777778,-0.0277777777777778,0.0277777777777778,1,0,1,29,36
"ESV_600518",0,0.0277777777777778,-0.0277777777777778,0.0277777777777778,1,0,1,29,36
"ESV_601292",0,0.0277777777777778,-0.0277777777777778,0.0277777777777778,1,0,1,29,36
"ESV_606894",0,0.0277777777777778,-0.0277777777777778,0.0277777777777778,1,0,1,29,36
"ESV_620662",0,0.0277777777777778,-0.0277777777777778,0.0277777777777778,1,0,1,29,36
"ESV_633774",0,0.0277777777777778,-0.0277777777777778,0.0277777777777778,1,0,1,29,36
"ESV_636938",0,0.0277777777777778,-0.0277777777777778,0.0277777777777778,1,0,1,29,36
"ESV_646018",0,0.0277777777777778,-0.0277777777777778,0.0277777777777778,1,0,1,29,36
"ESV_646040",0,0.0277777777777778,-0.0277777777777778,0.0277777777777778,1,0,1,29,36
"ESV_659996",0,0.0277777777777778,-0.0277777777777778,0.0277777777777778,1,0,1,29,36
"ESV_660578",0,0.0277777777777778,-0.0277777777777778,0.0277777777777778,1,0,1,29,36
"ESV_660598",0,0.0277777777777778,-0.0277777777777778,0.0277777777777778,1,0,1,29,36
"ESV_676728",0,0.0277777777777778,-0.0277777777777778,0.0277777777777778,1,0,1,29,36
"ESV_686186",0,0.0277777777777778,-0.0277777777777778,0.0277777777777778,1,0,1,29,36
"ESV_686188",0,0.0277777777777778,-0.0277777777777778,0.0277777777777778,1,0,1,29,36
"ESV_689822",0,0.0277777777777778,-0.0277777777777778,0.0277777777777778,1,0,1,29,36
"ESV_782048",0,0.0277777777777778,-0.0277777777777778,0.0277777777777778,1,0,1,29,36
"ESV_782374",0,0.0277777777777778,-0.0277777777777778,0.0277777777777778,1,0,1,29,36
"ESV_1158914",0,0.0277777777777778,-0.0277777777777778,0.0277777777777778,1,0,1,29,36
"ESV_1170478",0,0.0277777777777778,-0.0277777777777778,0.0277777777777778,1,0,1,29,36
"ESV_1218404",0,0.0277777777777778,-0.0277777777777778,0.0277777777777778,1,0,1,29,36
"ESV_1218434",0,0.0277777777777778,-0.0277777777777778,0.0277777777777778,1,0,1,29,36
"ESV_1220358",0,0.0277777777777778,-0.0277777777777778,0.0277777777777778,1,0,1,29,36
"ESV_1221300",0,0.0277777777777778,-0.0277777777777778,0.0277777777777778,1,0,1,29,36
"ESV_1225464",0,0.0277777777777778,-0.0277777777777778,0.0277777777777778,1,0,1,29,36
"ESV_1267828",0,0.0277777777777778,-0.0277777777777778,0.0277777777777778,1,0,1,29,36
"ESV_1287532",0,0.0277777777777778,-0.0277777777777778,0.0277777777777778,1,0,1,29,36
"ESV_1287592",0,0.0277777777777778,-0.0277777777777778,0.0277777777777778,1,0,1,29,36
"ESV_1287734",0,0.0277777777777778,-0.0277777777777778,0.0277777777777778,1,0,1,29,36
"ESV_1301594",0,0.0277777777777778,-0.0277777777777778,0.0277777777777778,1,0,1,29,36
"ESV_1314320",0,0.0277777777777778,-0.0277777777777778,0.0277777777777778,1,0,1,29,36
"ESV_1314398",0,0.0277777777777778,-0.0277777777777778,0.0277777777777778,1,0,1,29,36
"ESV_1314466",0,0.0277777777777778,-0.0277777777777778,0.0277777777777778,1,0,1,29,36
"ESV_1319518",0,0.0277777777777778,-0.0277777777777778,0.0277777777777778,1,0,1,29,36
"ESV_1340616",0,0.0277777777777778,-0.0277777777777778,0.0277777777777778,1,0,1,29,36
"ESV_1343130",0,0.0277777777777778,-0.0277777777777778,0.0277777777777778,1,0,1,29,36
"ESV_1343668",0,0.0277777777777778,-0.0277777777777778,0.0277777777777778,1,0,1,29,36
"ESV_1343810",0,0.0277777777777778,-0.0277777777777778,0.0277777777777778,1,0,1,29,36
"ESV_1349068",0,0.0277777777777778,-0.0277777777777778,0.0277777777777778,1,0,1,29,36
"ESV_1351250",0,0.0277777777777778,-0.0277777777777778,0.0277777777777778,1,0,1,29,36
"ESV_1351292",0,0.0277777777777778,-0.0277777777777778,0.0277777777777778,1,0,1,29,36
"ESV_1373768",0,0.0277777777777778,-0.0277777777777778,0.0277777777777778,1,0,1,29,36
"ESV_1373828",0,0.0277777777777778,-0.0277777777777778,0.0277777777777778,1,0,1,29,36
"ESV_1373970",0,0.0277777777777778,-0.0277777777777778,0.0277777777777778,1,0,1,29,36
"ESV_1387830",0,0.0277777777777778,-0.0277777777777778,0.0277777777777778,1,0,1,29,36
"ESV_1400556",0,0.0277777777777778,-0.0277777777777778,0.0277777777777778,1,0,1,29,36
"ESV_1400634",0,0.0277777777777778,-0.0277777777777778,0.0277777777777778,1,0,1,29,36
"ESV_1400702",0,0.0277777777777778,-0.0277777777777778,0.0277777777777778,1,0,1,29,36
"ESV_1405754",0,0.0277777777777778,-0.0277777777777778,0.0277777777777778,1,0,1,29,36
"ESV_1426852",0,0.0277777777777778,-0.0277777777777778,0.0277777777777778,1,0,1,29,36
"ESV_1429366",0,0.0277777777777778,-0.0277777777777778,0.0277777777777778,1,0,1,29,36
"ESV_1429904",0,0.0277777777777778,-0.0277777777777778,0.0277777777777778,1,0,1,29,36
"ESV_1430046",0,0.0277777777777778,-0.0277777777777778,0.0277777777777778,1,0,1,29,36
"ESV_1435304",0,0.0277777777777778,-0.0277777777777778,0.0277777777777778,1,0,1,29,36
"ESV_1437486",0,0.0277777777777778,-0.0277777777777778,0.0277777777777778,1,0,1,29,36
"ESV_1437528",0,0.0277777777777778,-0.0277777777777778,0.0277777777777778,1,0,1,29,36
"ESV_1739678",0,0.0277777777777778,-0.0277777777777778,0.0277777777777778,1,0,1,29,36
"ESV_1739764",0,0.0277777777777778,-0.0277777777777778,0.0277777777777778,1,0,1,29,36
"ESV_1739956",0,0.0277777777777778,-0.0277777777777778,0.0277777777777778,1,0,1,29,36
"ESV_1782688",0,0.0277777777777778,-0.0277777777777778,0.0277777777777778,1,0,1,29,36
"ESV_1783070",0,0.0277777777777778,-0.0277777777777778,0.0277777777777778,1,0,1,29,36
"ESV_1783352",0,0.0277777777777778,-0.0277777777777778,0.0277777777777778,1,0,1,29,36
"ESV_1783532",0,0.0277777777777778,-0.0277777777777778,0.0277777777777778,1,0,1,29,36
"ESV_1846704",0,0.0277777777777778,-0.0277777777777778,0.0277777777777778,1,0,1,29,36
"ESV_1846790",0,0.0277777777777778,-0.0277777777777778,0.0277777777777778,1,0,1,29,36
"ESV_1846982",0,0.0277777777777778,-0.0277777777777778,0.0277777777777778,1,0,1,29,36
"ESV_1889714",0,0.0277777777777778,-0.0277777777777778,0.0277777777777778,1,0,1,29,36
"ESV_1890096",0,0.0277777777777778,-0.0277777777777778,0.0277777777777778,1,0,1,29,36
"ESV_1890378",0,0.0277777777777778,-0.0277777777777778,0.0277777777777778,1,0,1,29,36
"ESV_1890558",0,0.0277777777777778,-0.0277777777777778,0.0277777777777778,1,0,1,29,36
"ESV_2301930",0,0.0277777777777778,-0.0277777777777778,0.0277777777777778,1,0,1,29,36
"ESV_2301944",0,0.0277777777777778,-0.0277777777777778,0.0277777777777778,1,0,1,29,36
"ESV_2302086",0,0.0277777777777778,-0.0277777777777778,0.0277777777777778,1,0,1,29,36
"ESV_2302478",0,0.0277777777777778,-0.0277777777777778,0.0277777777777778,1,0,1,29,36
"ESV_2304164",0,0.0277777777777778,-0.0277777777777778,0.0277777777777778,1,0,1,29,36
"ESV_2304684",0,0.0277777777777778,-0.0277777777777778,0.0277777777777778,1,0,1,29,36
"ESV_2305782",0,0.0277777777777778,-0.0277777777777778,0.0277777777777778,1,0,1,29,36
"ESV_2305802",0,0.0277777777777778,-0.0277777777777778,0.0277777777777778,1,0,1,29,36
"ESV_2305914",0,0.0277777777777778,-0.0277777777777778,0.0277777777777778,1,0,1,29,36
"ESV_2306828",0,0.0277777777777778,-0.0277777777777778,0.0277777777777778,1,0,1,29,36
"ESV_2803644",0,0.0277777777777778,-0.0277777777777778,0.0277777777777778,1,0,1,29,36
"ESV_2804962",0,0.0277777777777778,-0.0277777777777778,0.0277777777777778,1,0,1,29,36
"ESV_2805084",0,0.0277777777777778,-0.0277777777777778,0.0277777777777778,1,0,1,29,36
"ESV_2805298",0,0.0277777777777778,-0.0277777777777778,0.0277777777777778,1,0,1,29,36
"ESV_2805522",0,0.0277777777777778,-0.0277777777777778,0.0277777777777778,1,0,1,29,36
"ESV_2805738",0,0.0277777777777778,-0.0277777777777778,0.0277777777777778,1,0,1,29,36
"ESV_2806528",0,0.0277777777777778,-0.0277777777777778,0.0277777777777778,1,0,1,29,36
"ESV_2806844",0,0.0277777777777778,-0.0277777777777778,0.0277777777777778,1,0,1,29,36
"ESV_2808366",0,0.0277777777777778,-0.0277777777777778,0.0277777777777778,1,0,1,29,36
"ESV_3079292",0,0.0277777777777778,-0.0277777777777778,0.0277777777777778,1,0,1,29,36
"ESV_3079306",0,0.0277777777777778,-0.0277777777777778,0.0277777777777778,1,0,1,29,36
"ESV_3079448",0,0.0277777777777778,-0.0277777777777778,0.0277777777777778,1,0,1,29,36
"ESV_3079840",0,0.0277777777777778,-0.0277777777777778,0.0277777777777778,1,0,1,29,36
"ESV_3081526",0,0.0277777777777778,-0.0277777777777778,0.0277777777777778,1,0,1,29,36
"ESV_3082046",0,0.0277777777777778,-0.0277777777777778,0.0277777777777778,1,0,1,29,36
"ESV_3083144",0,0.0277777777777778,-0.0277777777777778,0.0277777777777778,1,0,1,29,36
"ESV_3083164",0,0.0277777777777778,-0.0277777777777778,0.0277777777777778,1,0,1,29,36
"ESV_3083276",0,0.0277777777777778,-0.0277777777777778,0.0277777777777778,1,0,1,29,36
"ESV_3084190",0,0.0277777777777778,-0.0277777777777778,0.0277777777777778,1,0,1,29,36
"ESV_3581004",0,0.0277777777777778,-0.0277777777777778,0.0277777777777778,1,0,1,29,36
"ESV_3582322",0,0.0277777777777778,-0.0277777777777778,0.0277777777777778,1,0,1,29,36
"ESV_3582444",0,0.0277777777777778,-0.0277777777777778,0.0277777777777778,1,0,1,29,36
"ESV_3582658",0,0.0277777777777778,-0.0277777777777778,0.0277777777777778,1,0,1,29,36
"ESV_3582882",0,0.0277777777777778,-0.0277777777777778,0.0277777777777778,1,0,1,29,36
"ESV_3583098",0,0.0277777777777778,-0.0277777777777778,0.0277777777777778,1,0,1,29,36
"ESV_3583888",0,0.0277777777777778,-0.0277777777777778,0.0277777777777778,1,0,1,29,36
"ESV_3584204",0,0.0277777777777778,-0.0277777777777778,0.0277777777777778,1,0,1,29,36
"ESV_3585726",0,0.0277777777777778,-0.0277777777777778,0.0277777777777778,1,0,1,29,36
"ESV_3808100",0,0.0277777777777778,-0.0277777777777778,0.0277777777777778,1,0,1,29,36
"ESV_3809304",0,0.0277777777777778,-0.0277777777777778,0.0277777777777778,1,0,1,29,36
"ESV_3810166",0,0.0277777777777778,-0.0277777777777778,0.0277777777777778,1,0,1,29,36
"ESV_3810238",0,0.0277777777777778,-0.0277777777777778,0.0277777777777778,1,0,1,29,36
"ESV_3810392",0,0.0277777777777778,-0.0277777777777778,0.0277777777777778,1,0,1,29,36
"ESV_3826100",0,0.0277777777777778,-0.0277777777777778,0.0277777777777778,1,0,1,29,36
"ESV_3826404",0,0.0277777777777778,-0.0277777777777778,0.0277777777777778,1,0,1,29,36
"ESV_3826540",0,0.0277777777777778,-0.0277777777777778,0.0277777777777778,1,0,1,29,36
"ESV_3826636",0,0.0277777777777778,-0.0277777777777778,0.0277777777777778,1,0,1,29,36
"ESV_3826788",0,0.0277777777777778,-0.0277777777777778,0.0277777777777778,1,0,1,29,36
"ESV_3827526",0,0.0277777777777778,-0.0277777777777778,0.0277777777777778,1,0,1,29,36
"ESV_3827828",0,0.0277777777777778,-0.0277777777777778,0.0277777777777778,1,0,1,29,36
"ESV_3835858",0,0.0277777777777778,-0.0277777777777778,0.0277777777777778,1,0,1,29,36
"ESV_3836474",0,0.0277777777777778,-0.0277777777777778,0.0277777777777778,1,0,1,29,36
"ESV_3836648",0,0.0277777777777778,-0.0277777777777778,0.0277777777777778,1,0,1,29,36
"ESV_3837178",0,0.0277777777777778,-0.0277777777777778,0.0277777777777778,1,0,1,29,36
"ESV_3863308",0,0.0277777777777778,-0.0277777777777778,0.0277777777777778,1,0,1,29,36
"ESV_3863736",0,0.0277777777777778,-0.0277777777777778,0.0277777777777778,1,0,1,29,36
"ESV_3864198",0,0.0277777777777778,-0.0277777777777778,0.0277777777777778,1,0,1,29,36
"ESV_3939512",0,0.0277777777777778,-0.0277777777777778,0.0277777777777778,1,0,1,29,36
"ESV_3940484",0,0.0277777777777778,-0.0277777777777778,0.0277777777777778,1,0,1,29,36
"ESV_3982094",0,0.0277777777777778,-0.0277777777777778,0.0277777777777778,1,0,1,29,36
"ESV_3982152",0,0.0277777777777778,-0.0277777777777778,0.0277777777777778,1,0,1,29,36
"ESV_3991446",0,0.0277777777777778,-0.0277777777777778,0.0277777777777778,1,0,1,29,36
"ESV_4009478",0,0.0277777777777778,-0.0277777777777778,0.0277777777777778,1,0,1,29,36
"ESV_4010658",0,0.0277777777777778,-0.0277777777777778,0.0277777777777778,1,0,1,29,36
"ESV_4011290",0,0.0277777777777778,-0.0277777777777778,0.0277777777777778,1,0,1,29,36
"ESV_4011874",0,0.0277777777777778,-0.0277777777777778,0.0277777777777778,1,0,1,29,36
"ESV_4084084",0,0.0277777777777778,-0.0277777777777778,0.0277777777777778,1,0,1,29,36
"ESV_4177214",0,0.0277777777777778,-0.0277777777777778,0.0277777777777778,1,0,1,29,36
"ESV_4177288",0,0.0277777777777778,-0.0277777777777778,0.0277777777777778,1,0,1,29,36
"ESV_4178814",0,0.0277777777777778,-0.0277777777777778,0.0277777777777778,1,0,1,29,36
"ESV_4179682",0,0.0277777777777778,-0.0277777777777778,0.0277777777777778,1,0,1,29,36
"ESV_4179784",0,0.0277777777777778,-0.0277777777777778,0.0277777777777778,1,0,1,29,36
"ESV_4180474",0,0.0277777777777778,-0.0277777777777778,0.0277777777777778,1,0,1,29,36
"ESV_4256458",0,0.0277777777777778,-0.0277777777777778,0.0277777777777778,1,0,1,29,36
"ESV_4257662",0,0.0277777777777778,-0.0277777777777778,0.0277777777777778,1,0,1,29,36
"ESV_4258524",0,0.0277777777777778,-0.0277777777777778,0.0277777777777778,1,0,1,29,36
"ESV_4258596",0,0.0277777777777778,-0.0277777777777778,0.0277777777777778,1,0,1,29,36
"ESV_4258750",0,0.0277777777777778,-0.0277777777777778,0.0277777777777778,1,0,1,29,36
"ESV_4274458",0,0.0277777777777778,-0.0277777777777778,0.0277777777777778,1,0,1,29,36
"ESV_4274762",0,0.0277777777777778,-0.0277777777777778,0.0277777777777778,1,0,1,29,36
"ESV_4274898",0,0.0277777777777778,-0.0277777777777778,0.0277777777777778,1,0,1,29,36
"ESV_4274994",0,0.0277777777777778,-0.0277777777777778,0.0277777777777778,1,0,1,29,36
"ESV_4275146",0,0.0277777777777778,-0.0277777777777778,0.0277777777777778,1,0,1,29,36
"ESV_4275884",0,0.0277777777777778,-0.0277777777777778,0.0277777777777778,1,0,1,29,36
"ESV_4276186",0,0.0277777777777778,-0.0277777777777778,0.0277777777777778,1,0,1,29,36
"ESV_4284216",0,0.0277777777777778,-0.0277777777777778,0.0277777777777778,1,0,1,29,36
"ESV_4284832",0,0.0277777777777778,-0.0277777777777778,0.0277777777777778,1,0,1,29,36
"ESV_4285006",0,0.0277777777777778,-0.0277777777777778,0.0277777777777778,1,0,1,29,36
"ESV_4285536",0,0.0277777777777778,-0.0277777777777778,0.0277777777777778,1,0,1,29,36
"ESV_4311666",0,0.0277777777777778,-0.0277777777777778,0.0277777777777778,1,0,1,29,36
"ESV_4312094",0,0.0277777777777778,-0.0277777777777778,0.0277777777777778,1,0,1,29,36
"ESV_4312556",0,0.0277777777777778,-0.0277777777777778,0.0277777777777778,1,0,1,29,36
"ESV_4387870",0,0.0277777777777778,-0.0277777777777778,0.0277777777777778,1,0,1,29,36
"ESV_4388842",0,0.0277777777777778,-0.0277777777777778,0.0277777777777778,1,0,1,29,36
"ESV_4430452",0,0.0277777777777778,-0.0277777777777778,0.0277777777777778,1,0,1,29,36
"ESV_4430510",0,0.0277777777777778,-0.0277777777777778,0.0277777777777778,1,0,1,29,36
"ESV_4439804",0,0.0277777777777778,-0.0277777777777778,0.0277777777777778,1,0,1,29,36
"ESV_4457836",0,0.0277777777777778,-0.0277777777777778,0.0277777777777778,1,0,1,29,36
"ESV_4459016",0,0.0277777777777778,-0.0277777777777778,0.0277777777777778,1,0,1,29,36
"ESV_4459648",0,0.0277777777777778,-0.0277777777777778,0.0277777777777778,1,0,1,29,36
"ESV_4460232",0,0.0277777777777778,-0.0277777777777778,0.0277777777777778,1,0,1,29,36
"ESV_4532442",0,0.0277777777777778,-0.0277777777777778,0.0277777777777778,1,0,1,29,36
"ESV_4625572",0,0.0277777777777778,-0.0277777777777778,0.0277777777777778,1,0,1,29,36
"ESV_4625646",0,0.0277777777777778,-0.0277777777777778,0.0277777777777778,1,0,1,29,36
"ESV_4627172",0,0.0277777777777778,-0.0277777777777778,0.0277777777777778,1,0,1,29,36
"ESV_4628040",0,0.0277777777777778,-0.0277777777777778,0.0277777777777778,1,0,1,29,36
"ESV_4628142",0,0.0277777777777778,-0.0277777777777778,0.0277777777777778,1,0,1,29,36
"ESV_4628832",0,0.0277777777777778,-0.0277777777777778,0.0277777777777778,1,0,1,29,36
"ESV_4767854",0,0.0277777777777778,-0.0277777777777778,0.0277777777777778,1,0,1,29,36
"ESV_4767990",0,0.0277777777777778,-0.0277777777777778,0.0277777777777778,1,0,1,29,36
"ESV_4768608",0,0.0277777777777778,-0.0277777777777778,0.0277777777777778,1,0,1,29,36
"ESV_4768774",0,0.0277777777777778,-0.0277777777777778,0.0277777777777778,1,0,1,29,36
"ESV_4769738",0,0.0277777777777778,-0.0277777777777778,0.0277777777777778,1,0,1,29,36
"ESV_4770126",0,0.0277777777777778,-0.0277777777777778,0.0277777777777778,1,0,1,29,36
"ESV_4770674",0,0.0277777777777778,-0.0277777777777778,0.0277777777777778,1,0,1,29,36
"ESV_4771594",0,0.0277777777777778,-0.0277777777777778,0.0277777777777778,1,0,1,29,36
"ESV_4772816",0,0.0277777777777778,-0.0277777777777778,0.0277777777777778,1,0,1,29,36
"ESV_4773198",0,0.0277777777777778,-0.0277777777777778,0.0277777777777778,1,0,1,29,36
"ESV_4881654",0,0.0277777777777778,-0.0277777777777778,0.0277777777777778,1,0,1,29,36
"ESV_4882072",0,0.0277777777777778,-0.0277777777777778,0.0277777777777778,1,0,1,29,36
"ESV_4882236",0,0.0277777777777778,-0.0277777777777778,0.0277777777777778,1,0,1,29,36
"ESV_4884772",0,0.0277777777777778,-0.0277777777777778,0.0277777777777778,1,0,1,29,36
"ESV_4885178",0,0.0277777777777778,-0.0277777777777778,0.0277777777777778,1,0,1,29,36
"ESV_4885278",0,0.0277777777777778,-0.0277777777777778,0.0277777777777778,1,0,1,29,36
"ESV_4885500",0,0.0277777777777778,-0.0277777777777778,0.0277777777777778,1,0,1,29,36
"ESV_4885504",0,0.0277777777777778,-0.0277777777777778,0.0277777777777778,1,0,1,29,36
"ESV_4963984",0,0.0277777777777778,-0.0277777777777778,0.0277777777777778,1,0,1,29,36
"ESV_4965082",0,0.0277777777777778,-0.0277777777777778,0.0277777777777778,1,0,1,29,36
"ESV_4965090",0,0.0277777777777778,-0.0277777777777778,0.0277777777777778,1,0,1,29,36
"ESV_4965802",0,0.0277777777777778,-0.0277777777777778,0.0277777777777778,1,0,1,29,36
"ESV_4966632",0,0.0277777777777778,-0.0277777777777778,0.0277777777777778,1,0,1,29,36
"ESV_4991794",0,0.0277777777777778,-0.0277777777777778,0.0277777777777778,1,0,1,29,36
"ESV_4992454",0,0.0277777777777778,-0.0277777777777778,0.0277777777777778,1,0,1,29,36
"ESV_4992592",0,0.0277777777777778,-0.0277777777777778,0.0277777777777778,1,0,1,29,36
"ESV_4993428",0,0.0277777777777778,-0.0277777777777778,0.0277777777777778,1,0,1,29,36
"ESV_4994666",0,0.0277777777777778,-0.0277777777777778,0.0277777777777778,1,0,1,29,36
"ESV_4995126",0,0.0277777777777778,-0.0277777777777778,0.0277777777777778,1,0,1,29,36
"ESV_4995294",0,0.0277777777777778,-0.0277777777777778,0.0277777777777778,1,0,1,29,36
"ESV_5041748",0,0.0277777777777778,-0.0277777777777778,0.0277777777777778,1,0,1,29,36
"ESV_5041782",0,0.0277777777777778,-0.0277777777777778,0.0277777777777778,1,0,1,29,36
"ESV_5041948",0,0.0277777777777778,-0.0277777777777778,0.0277777777777778,1,0,1,29,36
"ESV_5210736",0,0.0277777777777778,-0.0277777777777778,0.0277777777777778,1,0,1,29,36
"ESV_5210812",0,0.0277777777777778,-0.0277777777777778,0.0277777777777778,1,0,1,29,36
"ESV_5211600",0,0.0277777777777778,-0.0277777777777778,0.0277777777777778,1,0,1,29,36
"ESV_5212522",0,0.0277777777777778,-0.0277777777777778,0.0277777777777778,1,0,1,29,36
"ESV_5212634",0,0.0277777777777778,-0.0277777777777778,0.0277777777777778,1,0,1,29,36
"ESV_5228760",0,0.0277777777777778,-0.0277777777777778,0.0277777777777778,1,0,1,29,36
"ESV_5229548",0,0.0277777777777778,-0.0277777777777778,0.0277777777777778,1,0,1,29,36
"ESV_5229970",0,0.0277777777777778,-0.0277777777777778,0.0277777777777778,1,0,1,29,36
"ESV_5230850",0,0.0277777777777778,-0.0277777777777778,0.0277777777777778,1,0,1,29,36
"ESV_5232586",0,0.0277777777777778,-0.0277777777777778,0.0277777777777778,1,0,1,29,36
"ESV_5232946",0,0.0277777777777778,-0.0277777777777778,0.0277777777777778,1,0,1,29,36
"ESV_5233336",0,0.0277777777777778,-0.0277777777777778,0.0277777777777778,1,0,1,29,36
"ESV_5233398",0,0.0277777777777778,-0.0277777777777778,0.0277777777777778,1,0,1,29,36
"ESV_5233852",0,0.0277777777777778,-0.0277777777777778,0.0277777777777778,1,0,1,29,36
"ESV_5234656",0,0.0277777777777778,-0.0277777777777778,0.0277777777777778,1,0,1,29,36
"ESV_5270086",0,0.0277777777777778,-0.0277777777777778,0.0277777777777778,1,0,1,29,36
"ESV_5270518",0,0.0277777777777778,-0.0277777777777778,0.0277777777777778,1,0,1,29,36
"ESV_5271348",0,0.0277777777777778,-0.0277777777777778,0.0277777777777778,1,0,1,29,36
"ESV_5273426",0,0.0277777777777778,-0.0277777777777778,0.0277777777777778,1,0,1,29,36
"ESV_5274140",0,0.0277777777777778,-0.0277777777777778,0.0277777777777778,1,0,1,29,36
"ESV_5295272",0,0.0277777777777778,-0.0277777777777778,0.0277777777777778,1,0,1,29,36
"ESV_5296116",0,0.0277777777777778,-0.0277777777777778,0.0277777777777778,1,0,1,29,36
"ESV_5296312",0,0.0277777777777778,-0.0277777777777778,0.0277777777777778,1,0,1,29,36
"ESV_5296378",0,0.0277777777777778,-0.0277777777777778,0.0277777777777778,1,0,1,29,36
"ESV_5296634",0,0.0277777777777778,-0.0277777777777778,0.0277777777777778,1,0,1,29,36
"ESV_5296760",0,0.0277777777777778,-0.0277777777777778,0.0277777777777778,1,0,1,29,36
"ESV_5296790",0,0.0277777777777778,-0.0277777777777778,0.0277777777777778,1,0,1,29,36
"ESV_5296840",0,0.0277777777777778,-0.0277777777777778,0.0277777777777778,1,0,1,29,36
"ESV_5297146",0,0.0277777777777778,-0.0277777777777778,0.0277777777777778,1,0,1,29,36
"ESV_5297702",0,0.0277777777777778,-0.0277777777777778,0.0277777777777778,1,0,1,29,36
"ESV_5483958",0,0.0277777777777778,-0.0277777777777778,0.0277777777777778,1,0,1,29,36
"ESV_5484094",0,0.0277777777777778,-0.0277777777777778,0.0277777777777778,1,0,1,29,36
"ESV_5484712",0,0.0277777777777778,-0.0277777777777778,0.0277777777777778,1,0,1,29,36
"ESV_5484878",0,0.0277777777777778,-0.0277777777777778,0.0277777777777778,1,0,1,29,36
"ESV_5485842",0,0.0277777777777778,-0.0277777777777778,0.0277777777777778,1,0,1,29,36
"ESV_5486230",0,0.0277777777777778,-0.0277777777777778,0.0277777777777778,1,0,1,29,36
"ESV_5486778",0,0.0277777777777778,-0.0277777777777778,0.0277777777777778,1,0,1,29,36
"ESV_5487698",0,0.0277777777777778,-0.0277777777777778,0.0277777777777778,1,0,1,29,36
"ESV_5488920",0,0.0277777777777778,-0.0277777777777778,0.0277777777777778,1,0,1,29,36
"ESV_5489302",0,0.0277777777777778,-0.0277777777777778,0.0277777777777778,1,0,1,29,36
"ESV_5597258",0,0.0277777777777778,-0.0277777777777778,0.0277777777777778,1,0,1,29,36
"ESV_5597310",0,0.0277777777777778,-0.0277777777777778,0.0277777777777778,1,0,1,29,36
"ESV_5598554",0,0.0277777777777778,-0.0277777777777778,0.0277777777777778,1,0,1,29,36
"ESV_5599542",0,0.0277777777777778,-0.0277777777777778,0.0277777777777778,1,0,1,29,36
"ESV_5599756",0,0.0277777777777778,-0.0277777777777778,0.0277777777777778,1,0,1,29,36
"ESV_5599776",0,0.0277777777777778,-0.0277777777777778,0.0277777777777778,1,0,1,29,36
"ESV_5600184",0,0.0277777777777778,-0.0277777777777778,0.0277777777777778,1,0,1,29,36
"ESV_5600396",0,0.0277777777777778,-0.0277777777777778,0.0277777777777778,1,0,1,29,36
"ESV_5600436",0,0.0277777777777778,-0.0277777777777778,0.0277777777777778,1,0,1,29,36
"ESV_5601696",0,0.0277777777777778,-0.0277777777777778,0.0277777777777778,1,0,1,29,36
"ESV_5601706",0,0.0277777777777778,-0.0277777777777778,0.0277777777777778,1,0,1,29,36
"ESV_5601852",0,0.0277777777777778,-0.0277777777777778,0.0277777777777778,1,0,1,29,36
"ESV_5601870",0,0.0277777777777778,-0.0277777777777778,0.0277777777777778,1,0,1,29,36
"ESV_5601896",0,0.0277777777777778,-0.0277777777777778,0.0277777777777778,1,0,1,29,36
"ESV_5680586",0,0.0277777777777778,-0.0277777777777778,0.0277777777777778,1,0,1,29,36
"ESV_5681154",0,0.0277777777777778,-0.0277777777777778,0.0277777777777778,1,0,1,29,36
"ESV_5681366",0,0.0277777777777778,-0.0277777777777778,0.0277777777777778,1,0,1,29,36
"ESV_5681390",0,0.0277777777777778,-0.0277777777777778,0.0277777777777778,1,0,1,29,36
"ESV_5707898",0,0.0277777777777778,-0.0277777777777778,0.0277777777777778,1,0,1,29,36
"ESV_5708558",0,0.0277777777777778,-0.0277777777777778,0.0277777777777778,1,0,1,29,36
"ESV_5708696",0,0.0277777777777778,-0.0277777777777778,0.0277777777777778,1,0,1,29,36
"ESV_5709532",0,0.0277777777777778,-0.0277777777777778,0.0277777777777778,1,0,1,29,36
"ESV_5710770",0,0.0277777777777778,-0.0277777777777778,0.0277777777777778,1,0,1,29,36
"ESV_5711230",0,0.0277777777777778,-0.0277777777777778,0.0277777777777778,1,0,1,29,36
"ESV_5711398",0,0.0277777777777778,-0.0277777777777778,0.0277777777777778,1,0,1,29,36
"ESV_5757852",0,0.0277777777777778,-0.0277777777777778,0.0277777777777778,1,0,1,29,36
"ESV_5757886",0,0.0277777777777778,-0.0277777777777778,0.0277777777777778,1,0,1,29,36
"ESV_5758052",0,0.0277777777777778,-0.0277777777777778,0.0277777777777778,1,0,1,29,36
"ESV_5926840",0,0.0277777777777778,-0.0277777777777778,0.0277777777777778,1,0,1,29,36
"ESV_5926916",0,0.0277777777777778,-0.0277777777777778,0.0277777777777778,1,0,1,29,36
"ESV_5927704",0,0.0277777777777778,-0.0277777777777778,0.0277777777777778,1,0,1,29,36
"ESV_5928626",0,0.0277777777777778,-0.0277777777777778,0.0277777777777778,1,0,1,29,36
"ESV_5928738",0,0.0277777777777778,-0.0277777777777778,0.0277777777777778,1,0,1,29,36
"ESV_5944864",0,0.0277777777777778,-0.0277777777777778,0.0277777777777778,1,0,1,29,36
"ESV_5945652",0,0.0277777777777778,-0.0277777777777778,0.0277777777777778,1,0,1,29,36
"ESV_5946074",0,0.0277777777777778,-0.0277777777777778,0.0277777777777778,1,0,1,29,36
"ESV_5946954",0,0.0277777777777778,-0.0277777777777778,0.0277777777777778,1,0,1,29,36
"ESV_5948690",0,0.0277777777777778,-0.0277777777777778,0.0277777777777778,1,0,1,29,36
"ESV_5949050",0,0.0277777777777778,-0.0277777777777778,0.0277777777777778,1,0,1,29,36
"ESV_5949440",0,0.0277777777777778,-0.0277777777777778,0.0277777777777778,1,0,1,29,36
"ESV_5949502",0,0.0277777777777778,-0.0277777777777778,0.0277777777777778,1,0,1,29,36
"ESV_5949956",0,0.0277777777777778,-0.0277777777777778,0.0277777777777778,1,0,1,29,36
"ESV_5950760",0,0.0277777777777778,-0.0277777777777778,0.0277777777777778,1,0,1,29,36
"ESV_5986190",0,0.0277777777777778,-0.0277777777777778,0.0277777777777778,1,0,1,29,36
"ESV_5986622",0,0.0277777777777778,-0.0277777777777778,0.0277777777777778,1,0,1,29,36
"ESV_5987452",0,0.0277777777777778,-0.0277777777777778,0.0277777777777778,1,0,1,29,36
"ESV_5989530",0,0.0277777777777778,-0.0277777777777778,0.0277777777777778,1,0,1,29,36
"ESV_5990244",0,0.0277777777777778,-0.0277777777777778,0.0277777777777778,1,0,1,29,36
"ESV_6011376",0,0.0277777777777778,-0.0277777777777778,0.0277777777777778,1,0,1,29,36
"ESV_6012220",0,0.0277777777777778,-0.0277777777777778,0.0277777777777778,1,0,1,29,36
"ESV_6012416",0,0.0277777777777778,-0.0277777777777778,0.0277777777777778,1,0,1,29,36
"ESV_6012482",0,0.0277777777777778,-0.0277777777777778,0.0277777777777778,1,0,1,29,36
"ESV_6012738",0,0.0277777777777778,-0.0277777777777778,0.0277777777777778,1,0,1,29,36
"ESV_6012864",0,0.0277777777777778,-0.0277777777777778,0.0277777777777778,1,0,1,29,36
"ESV_6012894",0,0.0277777777777778,-0.0277777777777778,0.0277777777777778,1,0,1,29,36
"ESV_6012944",0,0.0277777777777778,-0.0277777777777778,0.0277777777777778,1,0,1,29,36
"ESV_6013250",0,0.0277777777777778,-0.0277777777777778,0.0277777777777778,1,0,1,29,36
"ESV_6013806",0,0.0277777777777778,-0.0277777777777778,0.0277777777777778,1,0,1,29,36
"ESV_6140740",0,0.0277777777777778,-0.0277777777777778,0.0277777777777778,1,0,1,29,36
"ESV_6272382",0,0.0277777777777778,-0.0277777777777778,0.0277777777777778,1,0,1,29,36
"ESV_6274744",0,0.0277777777777778,-0.0277777777777778,0.0277777777777778,1,0,1,29,36
"ESV_6275124",0,0.0277777777777778,-0.0277777777777778,0.0277777777777778,1,0,1,29,36
"ESV_6275520",0,0.0277777777777778,-0.0277777777777778,0.0277777777777778,1,0,1,29,36
"ESV_6276260",0,0.0277777777777778,-0.0277777777777778,0.0277777777777778,1,0,1,29,36
"ESV_6276520",0,0.0277777777777778,-0.0277777777777778,0.0277777777777778,1,0,1,29,36
"ESV_6276662",0,0.0277777777777778,-0.0277777777777778,0.0277777777777778,1,0,1,29,36
"ESV_6482026",0,0.0277777777777778,-0.0277777777777778,0.0277777777777778,1,0,1,29,36
"ESV_6482530",0,0.0277777777777778,-0.0277777777777778,0.0277777777777778,1,0,1,29,36
"ESV_6482968",0,0.0277777777777778,-0.0277777777777778,0.0277777777777778,1,0,1,29,36
"ESV_6483974",0,0.0277777777777778,-0.0277777777777778,0.0277777777777778,1,0,1,29,36
"ESV_6484022",0,0.0277777777777778,-0.0277777777777778,0.0277777777777778,1,0,1,29,36
"ESV_6542196",0,0.0277777777777778,-0.0277777777777778,0.0277777777777778,1,0,1,29,36
"ESV_6542668",0,0.0277777777777778,-0.0277777777777778,0.0277777777777778,1,0,1,29,36
"ESV_6542964",0,0.0277777777777778,-0.0277777777777778,0.0277777777777778,1,0,1,29,36
"ESV_6543506",0,0.0277777777777778,-0.0277777777777778,0.0277777777777778,1,0,1,29,36
"ESV_6543750",0,0.0277777777777778,-0.0277777777777778,0.0277777777777778,1,0,1,29,36
"ESV_6543910",0,0.0277777777777778,-0.0277777777777778,0.0277777777777778,1,0,1,29,36
"ESV_6544008",0,0.0277777777777778,-0.0277777777777778,0.0277777777777778,1,0,1,29,36
"ESV_6676068",0,0.0277777777777778,-0.0277777777777778,0.0277777777777778,1,0,1,29,36
"ESV_6676306",0,0.0277777777777778,-0.0277777777777778,0.0277777777777778,1,0,1,29,36
"ESV_6676976",0,0.0277777777777778,-0.0277777777777778,0.0277777777777778,1,0,1,29,36
"ESV_6677008",0,0.0277777777777778,-0.0277777777777778,0.0277777777777778,1,0,1,29,36
"ESV_6677268",0,0.0277777777777778,-0.0277777777777778,0.0277777777777778,1,0,1,29,36
"ESV_6677274",0,0.0277777777777778,-0.0277777777777778,0.0277777777777778,1,0,1,29,36
"ESV_6678230",0,0.0277777777777778,-0.0277777777777778,0.0277777777777778,1,0,1,29,36
"ESV_6678894",0,0.0277777777777778,-0.0277777777777778,0.0277777777777778,1,0,1,29,36
"ESV_6788656",0,0.0277777777777778,-0.0277777777777778,0.0277777777777778,1,0,1,29,36
"ESV_6789108",0,0.0277777777777778,-0.0277777777777778,0.0277777777777778,1,0,1,29,36
"ESV_6789328",0,0.0277777777777778,-0.0277777777777778,0.0277777777777778,1,0,1,29,36
"ESV_6791198",0,0.0277777777777778,-0.0277777777777778,0.0277777777777778,1,0,1,29,36
"ESV_6922082",0,0.0277777777777778,-0.0277777777777778,0.0277777777777778,1,0,1,29,36
"ESV_6923000",0,0.0277777777777778,-0.0277777777777778,0.0277777777777778,1,0,1,29,36
"ESV_6923564",0,0.0277777777777778,-0.0277777777777778,0.0277777777777778,1,0,1,29,36
"ESV_6924086",0,0.0277777777777778,-0.0277777777777778,0.0277777777777778,1,0,1,29,36
"ESV_6925158",0,0.0277777777777778,-0.0277777777777778,0.0277777777777778,1,0,1,29,36
"ESV_6925186",0,0.0277777777777778,-0.0277777777777778,0.0277777777777778,1,0,1,29,36
"ESV_7130914",0,0.0277777777777778,-0.0277777777777778,0.0277777777777778,1,0,1,29,36
"ESV_7131962",0,0.0277777777777778,-0.0277777777777778,0.0277777777777778,1,0,1,29,36
"ESV_7132150",0,0.0277777777777778,-0.0277777777777778,0.0277777777777778,1,0,1,29,36
"ESV_7132230",0,0.0277777777777778,-0.0277777777777778,0.0277777777777778,1,0,1,29,36
"ESV_7132948",0,0.0277777777777778,-0.0277777777777778,0.0277777777777778,1,0,1,29,36
"ESV_7133330",0,0.0277777777777778,-0.0277777777777778,0.0277777777777778,1,0,1,29,36
"ESV_7134358",0,0.0277777777777778,-0.0277777777777778,0.0277777777777778,1,0,1,29,36
"ESV_7191596",0,0.0277777777777778,-0.0277777777777778,0.0277777777777778,1,0,1,29,36
"ESV_7192068",0,0.0277777777777778,-0.0277777777777778,0.0277777777777778,1,0,1,29,36
"ESV_7192364",0,0.0277777777777778,-0.0277777777777778,0.0277777777777778,1,0,1,29,36
"ESV_7192906",0,0.0277777777777778,-0.0277777777777778,0.0277777777777778,1,0,1,29,36
"ESV_7193150",0,0.0277777777777778,-0.0277777777777778,0.0277777777777778,1,0,1,29,36
"ESV_7193310",0,0.0277777777777778,-0.0277777777777778,0.0277777777777778,1,0,1,29,36
"ESV_7193408",0,0.0277777777777778,-0.0277777777777778,0.0277777777777778,1,0,1,29,36
"ESV_7325468",0,0.0277777777777778,-0.0277777777777778,0.0277777777777778,1,0,1,29,36
"ESV_7325706",0,0.0277777777777778,-0.0277777777777778,0.0277777777777778,1,0,1,29,36
"ESV_7326376",0,0.0277777777777778,-0.0277777777777778,0.0277777777777778,1,0,1,29,36
"ESV_7326408",0,0.0277777777777778,-0.0277777777777778,0.0277777777777778,1,0,1,29,36
"ESV_7326668",0,0.0277777777777778,-0.0277777777777778,0.0277777777777778,1,0,1,29,36
"ESV_7326674",0,0.0277777777777778,-0.0277777777777778,0.0277777777777778,1,0,1,29,36
"ESV_7327630",0,0.0277777777777778,-0.0277777777777778,0.0277777777777778,1,0,1,29,36
"ESV_7328294",0,0.0277777777777778,-0.0277777777777778,0.0277777777777778,1,0,1,29,36
"ESV_7687264",0,0.0277777777777778,-0.0277777777777778,0.0277777777777778,1,0,1,29,36
"ESV_7690546",0,0.0277777777777778,-0.0277777777777778,0.0277777777777778,1,0,1,29,36
"ESV_8038966",0,0.0277777777777778,-0.0277777777777778,0.0277777777777778,1,0,1,29,36
"ESV_8042248",0,0.0277777777777778,-0.0277777777777778,0.0277777777777778,1,0,1,29,36
"ESV_8147234",0,0.0277777777777778,-0.0277777777777778,0.0277777777777778,1,0,1,29,36
"ESV_8304036",0,0.0277777777777778,-0.0277777777777778,0.0277777777777778,1,0,1,29,36
"ESV_8304302",0,0.0277777777777778,-0.0277777777777778,0.0277777777777778,1,0,1,29,36
"ESV_8304830",0,0.0277777777777778,-0.0277777777777778,0.0277777777777778,1,0,1,29,36
"ESV_8305350",0,0.0277777777777778,-0.0277777777777778,0.0277777777777778,1,0,1,29,36
"ESV_8308496",0,0.0277777777777778,-0.0277777777777778,0.0277777777777778,1,0,1,29,36
"ESV_8308730",0,0.0277777777777778,-0.0277777777777778,0.0277777777777778,1,0,1,29,36
"ESV_8309774",0,0.0277777777777778,-0.0277777777777778,0.0277777777777778,1,0,1,29,36
"ESV_8310866",0,0.0277777777777778,-0.0277777777777778,0.0277777777777778,1,0,1,29,36
"ESV_8311204",0,0.0277777777777778,-0.0277777777777778,0.0277777777777778,1,0,1,29,36
"ESV_8311332",0,0.0277777777777778,-0.0277777777777778,0.0277777777777778,1,0,1,29,36
"ESV_8357450",0,0.0277777777777778,-0.0277777777777778,0.0277777777777778,1,0,1,29,36
"ESV_8358586",0,0.0277777777777778,-0.0277777777777778,0.0277777777777778,1,0,1,29,36
"ESV_8359154",0,0.0277777777777778,-0.0277777777777778,0.0277777777777778,1,0,1,29,36
"ESV_8359344",0,0.0277777777777778,-0.0277777777777778,0.0277777777777778,1,0,1,29,36
"ESV_8360454",0,0.0277777777777778,-0.0277777777777778,0.0277777777777778,1,0,1,29,36
"ESV_8360682",0,0.0277777777777778,-0.0277777777777778,0.0277777777777778,1,0,1,29,36
"ESV_8361084",0,0.0277777777777778,-0.0277777777777778,0.0277777777777778,1,0,1,29,36
"ESV_8362632",0,0.0277777777777778,-0.0277777777777778,0.0277777777777778,1,0,1,29,36
"ESV_8363340",0,0.0277777777777778,-0.0277777777777778,0.0277777777777778,1,0,1,29,36
"ESV_8363486",0,0.0277777777777778,-0.0277777777777778,0.0277777777777778,1,0,1,29,36
"ESV_8364576",0,0.0277777777777778,-0.0277777777777778,0.0277777777777778,1,0,1,29,36
"ESV_8364742",0,0.0277777777777778,-0.0277777777777778,0.0277777777777778,1,0,1,29,36
"ESV_8517864",0,0.0277777777777778,-0.0277777777777778,0.0277777777777778,1,0,1,29,36
"ESV_8518216",0,0.0277777777777778,-0.0277777777777778,0.0277777777777778,1,0,1,29,36
"ESV_8702862",0,0.0277777777777778,-0.0277777777777778,0.0277777777777778,1,0,1,29,36
"ESV_8859762",0,0.0277777777777778,-0.0277777777777778,0.0277777777777778,1,0,1,29,36
"ESV_8859824",0,0.0277777777777778,-0.0277777777777778,0.0277777777777778,1,0,1,29,36
"ESV_8860456",0,0.0277777777777778,-0.0277777777777778,0.0277777777777778,1,0,1,29,36
"ESV_8861248",0,0.0277777777777778,-0.0277777777777778,0.0277777777777778,1,0,1,29,36
"ESV_8862262",0,0.0277777777777778,-0.0277777777777778,0.0277777777777778,1,0,1,29,36
"ESV_8862550",0,0.0277777777777778,-0.0277777777777778,0.0277777777777778,1,0,1,29,36
"ESV_8862952",0,0.0277777777777778,-0.0277777777777778,0.0277777777777778,1,0,1,29,36
"ESV_8863158",0,0.0277777777777778,-0.0277777777777778,0.0277777777777778,1,0,1,29,36
"ESV_8863422",0,0.0277777777777778,-0.0277777777777778,0.0277777777777778,1,0,1,29,36
"ESV_8864214",0,0.0277777777777778,-0.0277777777777778,0.0277777777777778,1,0,1,29,36
"ESV_8865776",0,0.0277777777777778,-0.0277777777777778,0.0277777777777778,1,0,1,29,36
"ESV_8865836",0,0.0277777777777778,-0.0277777777777778,0.0277777777777778,1,0,1,29,36
"ESV_8866246",0,0.0277777777777778,-0.0277777777777778,0.0277777777777778,1,0,1,29,36
"ESV_8866372",0,0.0277777777777778,-0.0277777777777778,0.0277777777777778,1,0,1,29,36
"ESV_8910566",0,0.0277777777777778,-0.0277777777777778,0.0277777777777778,1,0,1,29,36
"ESV_8913078",0,0.0277777777777778,-0.0277777777777778,0.0277777777777778,1,0,1,29,36
"ESV_8914214",0,0.0277777777777778,-0.0277777777777778,0.0277777777777778,1,0,1,29,36
"ESV_8914782",0,0.0277777777777778,-0.0277777777777778,0.0277777777777778,1,0,1,29,36
"ESV_8914972",0,0.0277777777777778,-0.0277777777777778,0.0277777777777778,1,0,1,29,36
"ESV_8916082",0,0.0277777777777778,-0.0277777777777778,0.0277777777777778,1,0,1,29,36
"ESV_8916310",0,0.0277777777777778,-0.0277777777777778,0.0277777777777778,1,0,1,29,36
"ESV_8916712",0,0.0277777777777778,-0.0277777777777778,0.0277777777777778,1,0,1,29,36
"ESV_8918260",0,0.0277777777777778,-0.0277777777777778,0.0277777777777778,1,0,1,29,36
"ESV_8918968",0,0.0277777777777778,-0.0277777777777778,0.0277777777777778,1,0,1,29,36
"ESV_8919114",0,0.0277777777777778,-0.0277777777777778,0.0277777777777778,1,0,1,29,36
"ESV_8920204",0,0.0277777777777778,-0.0277777777777778,0.0277777777777778,1,0,1,29,36
"ESV_8920370",0,0.0277777777777778,-0.0277777777777778,0.0277777777777778,1,0,1,29,36
"ESV_9073490",0,0.0277777777777778,-0.0277777777777778,0.0277777777777778,1,0,1,29,36
"ESV_9073842",0,0.0277777777777778,-0.0277777777777778,0.0277777777777778,1,0,1,29,36
"ESV_7794",0.0344827586206897,0.0277777777777778,0.00670498084291188,0.00670498084291188,1,1,1,29,36
"ESV_49988",0.0344827586206897,0.0277777777777778,0.00670498084291188,0.00670498084291188,1,1,1,29,36
"ESV_871954",0.0344827586206897,0.0277777777777778,0.00670498084291188,0.00670498084291188,1,1,1,29,36
"ESV_873168",0.0344827586206897,0.0277777777777778,0.00670498084291188,0.00670498084291188,1,1,1,29,36
